STARTFONT 2.1
FONT -umplus-gothic-medium-R-normal--12-120-75-75-C-120-iso10646-1
SIZE 13 75 75
FONTBOUNDINGBOX 12 13 0 -2
STARTPROPERTIES 23
FONTNAME_REGISTRY ""
FOUNDRY "umplus"
FAMILY_NAME "gothic"
WEIGHT_NAME "medium"
SLANT "R"
SETWIDTH_NAME "normal"
ADD_STYLE_NAME ""
PIXEL_SIZE 12
POINT_SIZE 120
RESOLUTION_X 75
RESOLUTION_Y 75
SPACING "C"
AVERAGE_WIDTH 120
CHARSET_REGISTRY "iso10646"
CHARSET_ENCODING "0"
COPYRIGHT "Copyright (C) 2002-2004 COZ"
WEIGHT 10
X_HEIGHT 11
QUAD_WIDTH 12
_XMBDFED_INFO "Edited with xmbdfed 4.5."
DEFAULT_CHAR 12288
FONT_DESCENT 2
FONT_ASCENT 11
ENDPROPERTIES
CHARS 772
STARTCHAR 0x0020
ENCODING 32
SWIDTH 443 0
DWIDTH 6 0
BBX 6 13 0 -2
BITMAP
00
00
00
00
00
00
00
00
00
00
00
00
00
ENDCHAR
STARTCHAR 0x0021
ENCODING 33
SWIDTH 443 0
DWIDTH 6 0
BBX 6 13 0 -2
BITMAP
00
00
20
20
20
20
20
20
00
00
20
00
00
ENDCHAR
STARTCHAR 0x0022
ENCODING 34
SWIDTH 443 0
DWIDTH 6 0
BBX 6 13 0 -2
BITMAP
00
50
50
50
50
00
00
00
00
00
00
00
00
ENDCHAR
STARTCHAR 0x0023
ENCODING 35
SWIDTH 443 0
DWIDTH 6 0
BBX 6 13 0 -2
BITMAP
00
00
50
50
F8
50
50
50
F8
50
50
00
00
ENDCHAR
STARTCHAR 0x0024
ENCODING 36
SWIDTH 443 0
DWIDTH 6 0
BBX 6 13 0 -2
BITMAP
00
00
20
78
A0
A0
70
28
28
F0
20
00
00
ENDCHAR
STARTCHAR 0x0025
ENCODING 37
SWIDTH 443 0
DWIDTH 6 0
BBX 6 13 0 -2
BITMAP
00
00
40
A0
48
10
20
40
90
28
10
00
00
ENDCHAR
STARTCHAR 0x0026
ENCODING 38
SWIDTH 443 0
DWIDTH 6 0
BBX 6 13 0 -2
BITMAP
00
00
60
90
90
60
48
A8
90
90
68
00
00
ENDCHAR
STARTCHAR 0x0027
ENCODING 39
SWIDTH 443 0
DWIDTH 6 0
BBX 6 13 0 -2
BITMAP
00
20
20
20
20
00
00
00
00
00
00
00
00
ENDCHAR
STARTCHAR 0x0028
ENCODING 40
SWIDTH 443 0
DWIDTH 6 0
BBX 6 13 0 -2
BITMAP
00
10
20
20
40
40
40
40
40
20
20
10
00
ENDCHAR
STARTCHAR 0x0029
ENCODING 41
SWIDTH 443 0
DWIDTH 6 0
BBX 6 13 0 -2
BITMAP
00
40
20
20
10
10
10
10
10
20
20
40
00
ENDCHAR
STARTCHAR 0x002A
ENCODING 42
SWIDTH 443 0
DWIDTH 6 0
BBX 6 13 0 -2
BITMAP
00
00
00
20
A8
70
20
70
A8
20
00
00
00
ENDCHAR
STARTCHAR 0x002B
ENCODING 43
SWIDTH 443 0
DWIDTH 6 0
BBX 6 13 0 -2
BITMAP
00
00
00
00
20
20
F8
20
20
00
00
00
00
ENDCHAR
STARTCHAR 0x002C
ENCODING 44
SWIDTH 443 0
DWIDTH 6 0
BBX 6 13 0 -2
BITMAP
00
00
00
00
00
00
00
00
20
70
20
40
00
ENDCHAR
STARTCHAR 0x002D
ENCODING 45
SWIDTH 443 0
DWIDTH 6 0
BBX 6 13 0 -2
BITMAP
00
00
00
00
00
00
F8
00
00
00
00
00
00
ENDCHAR
STARTCHAR 0x002E
ENCODING 46
SWIDTH 443 0
DWIDTH 6 0
BBX 6 13 0 -2
BITMAP
00
00
00
00
00
00
00
00
20
70
20
00
00
ENDCHAR
STARTCHAR 0x002F
ENCODING 47
SWIDTH 443 0
DWIDTH 6 0
BBX 6 13 0 -2
BITMAP
00
00
08
08
10
10
20
20
40
40
80
80
00
ENDCHAR
STARTCHAR 0x0030
ENCODING 48
SWIDTH 443 0
DWIDTH 6 0
BBX 6 13 0 -2
BITMAP
00
00
70
88
88
98
A8
C8
88
88
70
00
00
ENDCHAR
STARTCHAR 0x0031
ENCODING 49
SWIDTH 443 0
DWIDTH 6 0
BBX 6 13 0 -2
BITMAP
00
00
20
60
A0
20
20
20
20
20
20
00
00
ENDCHAR
STARTCHAR 0x0032
ENCODING 50
SWIDTH 443 0
DWIDTH 6 0
BBX 6 13 0 -2
BITMAP
00
00
70
88
88
08
10
20
40
80
F8
00
00
ENDCHAR
STARTCHAR 0x0033
ENCODING 51
SWIDTH 443 0
DWIDTH 6 0
BBX 6 13 0 -2
BITMAP
00
00
F8
08
10
20
70
08
08
88
70
00
00
ENDCHAR
STARTCHAR 0x0034
ENCODING 52
SWIDTH 443 0
DWIDTH 6 0
BBX 6 13 0 -2
BITMAP
00
00
30
30
50
50
90
90
F8
10
10
00
00
ENDCHAR
STARTCHAR 0x0035
ENCODING 53
SWIDTH 443 0
DWIDTH 6 0
BBX 6 13 0 -2
BITMAP
00
00
F8
80
80
F0
08
08
88
88
70
00
00
ENDCHAR
STARTCHAR 0x0036
ENCODING 54
SWIDTH 443 0
DWIDTH 6 0
BBX 6 13 0 -2
BITMAP
00
00
30
40
80
F0
88
88
88
88
70
00
00
ENDCHAR
STARTCHAR 0x0037
ENCODING 55
SWIDTH 443 0
DWIDTH 6 0
BBX 6 13 0 -2
BITMAP
00
00
F8
08
10
10
20
20
40
40
40
00
00
ENDCHAR
STARTCHAR 0x0038
ENCODING 56
SWIDTH 443 0
DWIDTH 6 0
BBX 6 13 0 -2
BITMAP
00
00
70
88
88
50
20
50
88
88
70
00
00
ENDCHAR
STARTCHAR 0x0039
ENCODING 57
SWIDTH 443 0
DWIDTH 6 0
BBX 6 13 0 -2
BITMAP
00
00
70
88
88
88
88
78
08
10
60
00
00
ENDCHAR
STARTCHAR 0x003A
ENCODING 58
SWIDTH 443 0
DWIDTH 6 0
BBX 6 13 0 -2
BITMAP
00
00
00
00
20
70
20
00
20
70
20
00
00
ENDCHAR
STARTCHAR 0x003B
ENCODING 59
SWIDTH 443 0
DWIDTH 6 0
BBX 6 13 0 -2
BITMAP
00
00
00
00
20
70
20
00
20
70
20
40
00
ENDCHAR
STARTCHAR 0x003C
ENCODING 60
SWIDTH 443 0
DWIDTH 6 0
BBX 6 13 0 -2
BITMAP
00
00
08
10
20
40
80
40
20
10
08
00
00
ENDCHAR
STARTCHAR 0x003D
ENCODING 61
SWIDTH 443 0
DWIDTH 6 0
BBX 6 13 0 -2
BITMAP
00
00
00
00
00
F8
00
F8
00
00
00
00
00
ENDCHAR
STARTCHAR 0x003E
ENCODING 62
SWIDTH 443 0
DWIDTH 6 0
BBX 6 13 0 -2
BITMAP
00
00
80
40
20
10
08
10
20
40
80
00
00
ENDCHAR
STARTCHAR 0x003F
ENCODING 63
SWIDTH 443 0
DWIDTH 6 0
BBX 6 13 0 -2
BITMAP
00
00
70
88
88
08
10
20
20
00
20
00
00
ENDCHAR
STARTCHAR 0x0040
ENCODING 64
SWIDTH 443 0
DWIDTH 6 0
BBX 6 13 0 -2
BITMAP
00
00
70
88
B8
A8
A8
A8
B8
80
70
00
00
ENDCHAR
STARTCHAR 0x0041
ENCODING 65
SWIDTH 443 0
DWIDTH 6 0
BBX 6 13 0 -2
BITMAP
00
00
20
20
50
50
50
F8
88
88
88
00
00
ENDCHAR
STARTCHAR 0x0042
ENCODING 66
SWIDTH 443 0
DWIDTH 6 0
BBX 6 13 0 -2
BITMAP
00
00
F0
88
88
88
F0
88
88
88
F0
00
00
ENDCHAR
STARTCHAR 0x0043
ENCODING 67
SWIDTH 443 0
DWIDTH 6 0
BBX 6 13 0 -2
BITMAP
00
00
70
88
80
80
80
80
80
88
70
00
00
ENDCHAR
STARTCHAR 0x0044
ENCODING 68
SWIDTH 443 0
DWIDTH 6 0
BBX 6 13 0 -2
BITMAP
00
00
E0
90
88
88
88
88
88
90
E0
00
00
ENDCHAR
STARTCHAR 0x0045
ENCODING 69
SWIDTH 443 0
DWIDTH 6 0
BBX 6 13 0 -2
BITMAP
00
00
F8
80
80
80
F0
80
80
80
F8
00
00
ENDCHAR
STARTCHAR 0x0046
ENCODING 70
SWIDTH 443 0
DWIDTH 6 0
BBX 6 13 0 -2
BITMAP
00
00
F8
80
80
80
F0
80
80
80
80
00
00
ENDCHAR
STARTCHAR 0x0047
ENCODING 71
SWIDTH 443 0
DWIDTH 6 0
BBX 6 13 0 -2
BITMAP
00
00
70
88
80
80
B8
88
88
88
78
00
00
ENDCHAR
STARTCHAR 0x0048
ENCODING 72
SWIDTH 443 0
DWIDTH 6 0
BBX 6 13 0 -2
BITMAP
00
00
88
88
88
88
F8
88
88
88
88
00
00
ENDCHAR
STARTCHAR 0x0049
ENCODING 73
SWIDTH 443 0
DWIDTH 6 0
BBX 6 13 0 -2
BITMAP
00
00
70
20
20
20
20
20
20
20
70
00
00
ENDCHAR
STARTCHAR 0x004A
ENCODING 74
SWIDTH 443 0
DWIDTH 6 0
BBX 6 13 0 -2
BITMAP
00
00
08
08
08
08
08
88
88
88
70
00
00
ENDCHAR
STARTCHAR 0x004B
ENCODING 75
SWIDTH 443 0
DWIDTH 6 0
BBX 6 13 0 -2
BITMAP
00
00
88
90
A0
C0
C0
A0
90
88
88
00
00
ENDCHAR
STARTCHAR 0x004C
ENCODING 76
SWIDTH 443 0
DWIDTH 6 0
BBX 6 13 0 -2
BITMAP
00
00
80
80
80
80
80
80
80
80
F8
00
00
ENDCHAR
STARTCHAR 0x004D
ENCODING 77
SWIDTH 443 0
DWIDTH 6 0
BBX 6 13 0 -2
BITMAP
00
00
88
D8
A8
88
88
88
88
88
88
00
00
ENDCHAR
STARTCHAR 0x004E
ENCODING 78
SWIDTH 443 0
DWIDTH 6 0
BBX 6 13 0 -2
BITMAP
00
00
88
C8
A8
98
88
88
88
88
88
00
00
ENDCHAR
STARTCHAR 0x004F
ENCODING 79
SWIDTH 443 0
DWIDTH 6 0
BBX 6 13 0 -2
BITMAP
00
00
70
88
88
88
88
88
88
88
70
00
00
ENDCHAR
STARTCHAR 0x0050
ENCODING 80
SWIDTH 443 0
DWIDTH 6 0
BBX 6 13 0 -2
BITMAP
00
00
F0
88
88
88
F0
80
80
80
80
00
00
ENDCHAR
STARTCHAR 0x0051
ENCODING 81
SWIDTH 443 0
DWIDTH 6 0
BBX 6 13 0 -2
BITMAP
00
00
70
88
88
88
88
88
88
88
70
10
0C
ENDCHAR
STARTCHAR 0x0052
ENCODING 82
SWIDTH 443 0
DWIDTH 6 0
BBX 6 13 0 -2
BITMAP
00
00
F0
88
88
88
F0
A0
90
88
88
00
00
ENDCHAR
STARTCHAR 0x0053
ENCODING 83
SWIDTH 443 0
DWIDTH 6 0
BBX 6 13 0 -2
BITMAP
00
00
70
88
80
80
70
08
08
88
70
00
00
ENDCHAR
STARTCHAR 0x0054
ENCODING 84
SWIDTH 443 0
DWIDTH 6 0
BBX 6 13 0 -2
BITMAP
00
00
F8
20
20
20
20
20
20
20
20
00
00
ENDCHAR
STARTCHAR 0x0055
ENCODING 85
SWIDTH 443 0
DWIDTH 6 0
BBX 6 13 0 -2
BITMAP
00
00
88
88
88
88
88
88
88
88
70
00
00
ENDCHAR
STARTCHAR 0x0056
ENCODING 86
SWIDTH 443 0
DWIDTH 6 0
BBX 6 13 0 -2
BITMAP
00
00
88
88
88
88
50
50
50
20
20
00
00
ENDCHAR
STARTCHAR 0x0057
ENCODING 87
SWIDTH 443 0
DWIDTH 6 0
BBX 6 13 0 -2
BITMAP
00
00
A8
A8
A8
A8
A8
A8
50
50
50
00
00
ENDCHAR
STARTCHAR 0x0058
ENCODING 88
SWIDTH 443 0
DWIDTH 6 0
BBX 6 13 0 -2
BITMAP
00
00
88
88
50
50
20
50
50
88
88
00
00
ENDCHAR
STARTCHAR 0x0059
ENCODING 89
SWIDTH 443 0
DWIDTH 6 0
BBX 6 13 0 -2
BITMAP
00
00
88
88
50
50
20
20
20
20
20
00
00
ENDCHAR
STARTCHAR 0x005A
ENCODING 90
SWIDTH 443 0
DWIDTH 6 0
BBX 6 13 0 -2
BITMAP
00
00
F8
08
10
10
20
40
40
80
F8
00
00
ENDCHAR
STARTCHAR 0x005B
ENCODING 91
SWIDTH 443 0
DWIDTH 6 0
BBX 6 13 0 -2
BITMAP
00
70
40
40
40
40
40
40
40
40
40
70
00
ENDCHAR
STARTCHAR 0x005C
ENCODING 92
SWIDTH 443 0
DWIDTH 6 0
BBX 6 13 0 -2
BITMAP
00
00
80
80
40
40
20
20
10
10
08
08
00
ENDCHAR
STARTCHAR 0x005D
ENCODING 93
SWIDTH 443 0
DWIDTH 6 0
BBX 6 13 0 -2
BITMAP
00
70
10
10
10
10
10
10
10
10
10
70
00
ENDCHAR
STARTCHAR 0x005E
ENCODING 94
SWIDTH 443 0
DWIDTH 6 0
BBX 6 13 0 -2
BITMAP
00
20
50
88
00
00
00
00
00
00
00
00
00
ENDCHAR
STARTCHAR 0x005F
ENCODING 95
SWIDTH 443 0
DWIDTH 6 0
BBX 6 13 0 -2
BITMAP
00
00
00
00
00
00
00
00
00
00
00
F8
00
ENDCHAR
STARTCHAR 0x0060
ENCODING 96
SWIDTH 443 0
DWIDTH 6 0
BBX 6 13 0 -2
BITMAP
00
40
40
20
20
00
00
00
00
00
00
00
00
ENDCHAR
STARTCHAR 0x0061
ENCODING 97
SWIDTH 443 0
DWIDTH 6 0
BBX 6 13 0 -2
BITMAP
00
00
00
00
00
70
08
78
88
88
78
00
00
ENDCHAR
STARTCHAR 0x0062
ENCODING 98
SWIDTH 443 0
DWIDTH 6 0
BBX 6 13 0 -2
BITMAP
00
00
80
80
80
F0
88
88
88
88
F0
00
00
ENDCHAR
STARTCHAR 0x0063
ENCODING 99
SWIDTH 443 0
DWIDTH 6 0
BBX 6 13 0 -2
BITMAP
00
00
00
00
00
70
88
80
80
88
70
00
00
ENDCHAR
STARTCHAR 0x0064
ENCODING 100
SWIDTH 443 0
DWIDTH 6 0
BBX 6 13 0 -2
BITMAP
00
00
08
08
08
78
88
88
88
88
78
00
00
ENDCHAR
STARTCHAR 0x0065
ENCODING 101
SWIDTH 443 0
DWIDTH 6 0
BBX 6 13 0 -2
BITMAP
00
00
00
00
00
70
88
F8
80
88
70
00
00
ENDCHAR
STARTCHAR 0x0066
ENCODING 102
SWIDTH 443 0
DWIDTH 6 0
BBX 6 13 0 -2
BITMAP
00
00
18
20
20
20
F8
20
20
20
20
00
00
ENDCHAR
STARTCHAR 0x0067
ENCODING 103
SWIDTH 443 0
DWIDTH 6 0
BBX 6 13 0 -2
BITMAP
00
00
00
00
00
78
88
88
88
78
08
88
70
ENDCHAR
STARTCHAR 0x0068
ENCODING 104
SWIDTH 443 0
DWIDTH 6 0
BBX 6 13 0 -2
BITMAP
00
00
80
80
80
B0
C8
88
88
88
88
00
00
ENDCHAR
STARTCHAR 0x0069
ENCODING 105
SWIDTH 443 0
DWIDTH 6 0
BBX 6 13 0 -2
BITMAP
00
20
00
00
00
60
20
20
20
20
70
00
00
ENDCHAR
STARTCHAR 0x006A
ENCODING 106
SWIDTH 443 0
DWIDTH 6 0
BBX 6 13 0 -2
BITMAP
00
10
00
00
00
30
10
10
10
10
10
10
E0
ENDCHAR
STARTCHAR 0x006B
ENCODING 107
SWIDTH 443 0
DWIDTH 6 0
BBX 6 13 0 -2
BITMAP
00
00
80
80
80
90
A0
C0
A0
90
88
00
00
ENDCHAR
STARTCHAR 0x006C
ENCODING 108
SWIDTH 443 0
DWIDTH 6 0
BBX 6 13 0 -2
BITMAP
00
00
60
20
20
20
20
20
20
20
30
00
00
ENDCHAR
STARTCHAR 0x006D
ENCODING 109
SWIDTH 443 0
DWIDTH 6 0
BBX 6 13 0 -2
BITMAP
00
00
00
00
00
F0
A8
A8
A8
A8
A8
00
00
ENDCHAR
STARTCHAR 0x006E
ENCODING 110
SWIDTH 443 0
DWIDTH 6 0
BBX 6 13 0 -2
BITMAP
00
00
00
00
00
B0
C8
88
88
88
88
00
00
ENDCHAR
STARTCHAR 0x006F
ENCODING 111
SWIDTH 443 0
DWIDTH 6 0
BBX 6 13 0 -2
BITMAP
00
00
00
00
00
70
88
88
88
88
70
00
00
ENDCHAR
STARTCHAR 0x0070
ENCODING 112
SWIDTH 443 0
DWIDTH 6 0
BBX 6 13 0 -2
BITMAP
00
00
00
00
00
F0
88
88
88
F0
80
80
80
ENDCHAR
STARTCHAR 0x0071
ENCODING 113
SWIDTH 443 0
DWIDTH 6 0
BBX 6 13 0 -2
BITMAP
00
00
00
00
00
78
88
88
88
78
08
08
08
ENDCHAR
STARTCHAR 0x0072
ENCODING 114
SWIDTH 443 0
DWIDTH 6 0
BBX 6 13 0 -2
BITMAP
00
00
00
00
00
B0
C8
80
80
80
80
00
00
ENDCHAR
STARTCHAR 0x0073
ENCODING 115
SWIDTH 443 0
DWIDTH 6 0
BBX 6 13 0 -2
BITMAP
00
00
00
00
00
70
88
70
08
88
70
00
00
ENDCHAR
STARTCHAR 0x0074
ENCODING 116
SWIDTH 443 0
DWIDTH 6 0
BBX 6 13 0 -2
BITMAP
00
00
40
40
40
F0
40
40
40
48
30
00
00
ENDCHAR
STARTCHAR 0x0075
ENCODING 117
SWIDTH 443 0
DWIDTH 6 0
BBX 6 13 0 -2
BITMAP
00
00
00
00
00
88
88
88
88
98
68
00
00
ENDCHAR
STARTCHAR 0x0076
ENCODING 118
SWIDTH 443 0
DWIDTH 6 0
BBX 6 13 0 -2
BITMAP
00
00
00
00
00
88
88
50
50
20
20
00
00
ENDCHAR
STARTCHAR 0x0077
ENCODING 119
SWIDTH 443 0
DWIDTH 6 0
BBX 6 13 0 -2
BITMAP
00
00
00
00
00
A8
A8
A8
A8
50
50
00
00
ENDCHAR
STARTCHAR 0x0078
ENCODING 120
SWIDTH 443 0
DWIDTH 6 0
BBX 6 13 0 -2
BITMAP
00
00
00
00
00
88
50
20
20
50
88
00
00
ENDCHAR
STARTCHAR 0x0079
ENCODING 121
SWIDTH 443 0
DWIDTH 6 0
BBX 6 13 0 -2
BITMAP
00
00
00
00
00
88
88
88
88
78
08
88
70
ENDCHAR
STARTCHAR 0x007A
ENCODING 122
SWIDTH 443 0
DWIDTH 6 0
BBX 6 13 0 -2
BITMAP
00
00
00
00
00
F8
10
20
40
80
F8
00
00
ENDCHAR
STARTCHAR 0x007B
ENCODING 123
SWIDTH 443 0
DWIDTH 6 0
BBX 6 13 0 -2
BITMAP
00
18
20
20
20
20
C0
20
20
20
20
18
00
ENDCHAR
STARTCHAR 0x007C
ENCODING 124
SWIDTH 443 0
DWIDTH 6 0
BBX 6 13 0 -2
BITMAP
00
20
20
20
20
20
20
20
20
20
20
20
00
ENDCHAR
STARTCHAR 0x007D
ENCODING 125
SWIDTH 443 0
DWIDTH 6 0
BBX 6 13 0 -2
BITMAP
00
C0
20
20
20
20
18
20
20
20
20
C0
00
ENDCHAR
STARTCHAR 0x007E
ENCODING 126
SWIDTH 443 0
DWIDTH 6 0
BBX 6 13 0 -2
BITMAP
00
00
68
B0
00
00
00
00
00
00
00
00
00
ENDCHAR
STARTCHAR 0x2144
ENCODING 8230
SWIDTH 886 0
DWIDTH 12 0
BBX 12 13 0 -2
BITMAP
0000
0000
0000
0000
0000
0000
6660
6660
0000
0000
0000
0000
0000
ENDCHAR
STARTCHAR 0x222A
ENCODING 8594
SWIDTH 886 0
DWIDTH 12 0
BBX 12 13 0 -2
BITMAP
0000
0000
0200
0100
0080
0040
FFE0
0040
0080
0100
0200
0000
0000
ENDCHAR
STARTCHAR 0x2D21
ENCODING 9312
SWIDTH 886 0
DWIDTH 12 0
BBX 12 13 0 -2
BITMAP
0000
0E00
3180
4440
4C40
9420
8420
8420
4440
4440
3180
0E00
0000
ENDCHAR
STARTCHAR 0x2D22
ENCODING 9313
SWIDTH 886 0
DWIDTH 12 0
BBX 12 13 0 -2
BITMAP
0000
0E00
3180
4E40
5140
8120
8620
8820
5040
5F40
3180
0E00
0000
ENDCHAR
STARTCHAR 0x2D23
ENCODING 9314
SWIDTH 886 0
DWIDTH 12 0
BBX 12 13 0 -2
BITMAP
0000
0E00
3180
4E40
5140
8120
8620
8120
5140
4E40
3180
0E00
0000
ENDCHAR
STARTCHAR 0x2D24
ENCODING 9315
SWIDTH 886 0
DWIDTH 12 0
BBX 12 13 0 -2
BITMAP
0000
0E00
3180
4640
4640
8A20
8A20
9220
5F40
4240
3180
0E00
0000
ENDCHAR
STARTCHAR 0x2D25
ENCODING 9316
SWIDTH 886 0
DWIDTH 12 0
BBX 12 13 0 -2
BITMAP
0000
0E00
3180
5F40
5040
9E20
8120
8120
5140
4E40
3180
0E00
0000
ENDCHAR
STARTCHAR 0x2121
ENCODING 12288
SWIDTH 886 0
DWIDTH 12 0
BBX 12 13 0 -2
BITMAP
0000
0000
0000
0000
0000
0000
0000
0000
0000
0000
0000
0000
0000
ENDCHAR
STARTCHAR 0x2122
ENCODING 12289
SWIDTH 886 0
DWIDTH 12 0
BBX 12 13 0 -2
BITMAP
0000
0000
0000
0000
0000
0000
0000
0000
0000
0000
4000
2000
0000
ENDCHAR
STARTCHAR 0x2123
ENCODING 12290
SWIDTH 886 0
DWIDTH 12 0
BBX 12 13 0 -2
BITMAP
0000
0000
0000
0000
0000
0000
0000
0000
3000
4800
4800
3000
0000
ENDCHAR
STARTCHAR 0x2139
ENCODING 12293
SWIDTH 886 0
DWIDTH 12 0
BBX 12 13 0 -2
BITMAP
0000
0000
1000
1000
1F80
2080
2080
0100
0A00
0400
0200
0000
0000
ENDCHAR
STARTCHAR 0x2156
ENCODING 12300
SWIDTH 886 0
DWIDTH 12 0
BBX 12 13 0 -2
BITMAP
03C0
0200
0200
0200
0200
0200
0200
0200
0000
0000
0000
0000
0000
ENDCHAR
STARTCHAR 0x2157
ENCODING 12301
SWIDTH 886 0
DWIDTH 12 0
BBX 12 13 0 -2
BITMAP
0000
0000
0000
0000
0000
0800
0800
0800
0800
0800
0800
0800
7800
ENDCHAR
STARTCHAR 0x2422
ENCODING 12354
SWIDTH 886 0
DWIDTH 12 0
BBX 12 13 0 -2
BITMAP
0000
0400
04C0
7F00
0800
0F80
1940
2920
4A20
4C20
3440
0180
0000
ENDCHAR
STARTCHAR 0x2424
ENCODING 12356
SWIDTH 886 0
DWIDTH 12 0
BBX 12 13 0 -2
BITMAP
0000
0000
0000
2000
2080
4040
4040
4020
4220
2400
1800
0000
0000
ENDCHAR
STARTCHAR 0x2426
ENCODING 12358
SWIDTH 886 0
DWIDTH 12 0
BBX 12 13 0 -2
BITMAP
0000
1C00
0300
0000
0E00
3100
0080
0080
0080
0100
0600
1800
0000
ENDCHAR
STARTCHAR 0x2428
ENCODING 12360
SWIDTH 886 0
DWIDTH 12 0
BBX 12 13 0 -2
BITMAP
0000
0C00
0300
0000
3F00
0100
0200
0400
0C00
1200
2200
41C0
0000
ENDCHAR
STARTCHAR 0x242A
ENCODING 12362
SWIDTH 886 0
DWIDTH 12 0
BBX 12 13 0 -2
BITMAP
0000
0800
08C0
7E20
0800
0800
0F80
1840
2820
4820
4840
3180
0000
ENDCHAR
STARTCHAR 0x242B
ENCODING 12363
SWIDTH 886 0
DWIDTH 12 0
BBX 12 13 0 -2
BITMAP
0000
1000
1080
1080
7C40
1240
1220
2220
2200
4200
4200
1C00
0000
ENDCHAR
STARTCHAR 0x242C
ENCODING 12364
SWIDTH 886 0
DWIDTH 12 0
BBX 12 13 0 -2
BITMAP
0000
1040
1120
1080
7C00
1240
1240
2220
2220
4200
4200
1C00
0000
ENDCHAR
STARTCHAR 0x242D
ENCODING 12365
SWIDTH 886 0
DWIDTH 12 0
BBX 12 13 0 -2
BITMAP
0000
0400
0580
7E00
03C0
7E00
0100
1E80
2180
2000
1000
0F00
0000
ENDCHAR
STARTCHAR 0x242E
ENCODING 12366
SWIDTH 886 0
DWIDTH 12 0
BBX 12 13 0 -2
BITMAP
0040
0520
0480
7E00
03C0
7E00
0100
1E80
2180
2000
1000
0F00
0000
ENDCHAR
STARTCHAR 0x242F
ENCODING 12367
SWIDTH 886 0
DWIDTH 12 0
BBX 12 13 0 -2
BITMAP
0000
0000
0100
0200
0400
0800
1000
1000
0C00
0200
0100
0080
0000
ENDCHAR
STARTCHAR 0x2430
ENCODING 12368
SWIDTH 886 0
DWIDTH 12 0
BBX 12 13 0 -2
BITMAP
0000
0000
0200
0440
0920
1080
2000
2000
1800
0400
0200
0100
0000
ENDCHAR
STARTCHAR 0x2431
ENCODING 12369
SWIDTH 886 0
DWIDTH 12 0
BBX 12 13 0 -2
BITMAP
0000
0080
2080
2080
4FE0
4080
4080
4080
4080
4080
2100
2600
0000
ENDCHAR
STARTCHAR 0x2432
ENCODING 12370
SWIDTH 886 0
DWIDTH 12 0
BBX 12 13 0 -2
BITMAP
0000
0140
4120
4180
9F40
8100
8100
8100
8100
8100
4200
4C00
0000
ENDCHAR
STARTCHAR 0x2433
ENCODING 12371
SWIDTH 886 0
DWIDTH 12 0
BBX 12 13 0 -2
BITMAP
0000
0000
1F80
0000
0000
0000
0000
1000
2000
2040
1F80
0000
0000
ENDCHAR
STARTCHAR 0x2434
ENCODING 12372
SWIDTH 886 0
DWIDTH 12 0
BBX 12 13 0 -2
BITMAP
0000
0000
3F40
0020
0080
0040
0000
2000
4000
4080
3F00
0000
0000
ENDCHAR
STARTCHAR 0x2435
ENCODING 12373
SWIDTH 886 0
DWIDTH 12 0
BBX 12 13 0 -2
BITMAP
0000
0200
0200
02C0
7F00
0100
0100
1E80
2180
2000
1000
0F00
0000
ENDCHAR
STARTCHAR 0x2436
ENCODING 12374
SWIDTH 886 0
DWIDTH 12 0
BBX 12 13 0 -2
BITMAP
0000
0840
0920
0E80
F800
0400
0200
3D00
4300
4000
2000
1E00
0000
ENDCHAR
STARTCHAR 0x2437
ENCODING 12375
SWIDTH 886 0
DWIDTH 12 0
BBX 12 13 0 -2
BITMAP
0000
0000
0800
0800
0800
1000
1000
1000
1040
1040
0880
0700
0000
ENDCHAR
STARTCHAR 0x2438
ENCODING 12376
SWIDTH 886 0
DWIDTH 12 0
BBX 12 13 0 -2
BITMAP
0000
0000
1080
1240
1100
2000
2000
2000
2080
2080
1100
0E00
0000
ENDCHAR
STARTCHAR 0x2439
ENCODING 12377
SWIDTH 886 0
DWIDTH 12 0
BBX 12 13 0 -2
BITMAP
0000
0200
0200
FFE0
0200
0E00
1200
1200
0E00
0200
0400
1800
0000
ENDCHAR
STARTCHAR 0x243A
ENCODING 12378
SWIDTH 886 0
DWIDTH 12 0
BBX 12 13 0 -2
BITMAP
0000
0200
0200
FFE0
0200
0E40
1220
1280
0E40
0200
0400
1800
0000
ENDCHAR
STARTCHAR 0x243B
ENCODING 12379
SWIDTH 886 0
DWIDTH 12 0
BBX 12 13 0 -2
BITMAP
0000
0080
1080
1080
13E0
7C80
1080
1080
1380
1000
1000
0FC0
0000
ENDCHAR
STARTCHAR 0x243D
ENCODING 12381
SWIDTH 886 0
DWIDTH 12 0
BBX 12 13 0 -2
BITMAP
0000
0000
1F80
0100
0200
0400
7FE0
0400
0800
0800
0800
0780
0000
ENDCHAR
STARTCHAR 0x243E
ENCODING 12382
SWIDTH 886 0
DWIDTH 12 0
BBX 12 13 0 -2
BITMAP
0000
0000
3E40
0320
0480
0800
FFC0
0800
1000
1000
1000
0F00
0000
ENDCHAR
STARTCHAR 0x243F
ENCODING 12383
SWIDTH 886 0
DWIDTH 12 0
BBX 12 13 0 -2
BITMAP
0000
1000
1000
7F80
1000
13C0
1000
2200
2400
2400
43E0
4000
0000
ENDCHAR
STARTCHAR 0x2440
ENCODING 12384
SWIDTH 886 0
DWIDTH 12 0
BBX 12 13 0 -2
BITMAP
0040
1120
1080
7F00
1000
13C0
1000
2200
2400
2400
43E0
4000
0000
ENDCHAR
STARTCHAR 0x2441
ENCODING 12385
SWIDTH 886 0
DWIDTH 12 0
BBX 12 13 0 -2
BITMAP
0000
0400
0400
05E0
7E00
0800
1700
1880
0040
0040
0080
0F00
0000
ENDCHAR
STARTCHAR 0x2443
ENCODING 12387
SWIDTH 886 0
DWIDTH 12 0
BBX 12 13 0 -2
BITMAP
0000
0000
0000
0000
0000
0000
0E00
3100
0080
0080
0100
0E00
0000
ENDCHAR
STARTCHAR 0x2444
ENCODING 12388
SWIDTH 886 0
DWIDTH 12 0
BBX 12 13 0 -2
BITMAP
0000
0000
0000
0F00
7080
0040
0040
0040
0080
0300
1C00
0000
0000
ENDCHAR
STARTCHAR 0x2445
ENCODING 12389
SWIDTH 886 0
DWIDTH 12 0
BBX 12 13 0 -2
BITMAP
0040
0120
0080
0F00
7080
0040
0040
0040
0080
0300
1C00
0000
0000
ENDCHAR
STARTCHAR 0x2446
ENCODING 12390
SWIDTH 886 0
DWIDTH 12 0
BBX 12 13 0 -2
BITMAP
0000
0000
0000
0FC0
F200
0400
0800
0800
0800
0800
0400
0380
0000
ENDCHAR
STARTCHAR 0x2447
ENCODING 12391
SWIDTH 886 0
DWIDTH 12 0
BBX 12 13 0 -2
BITMAP
0000
0000
0000
0FC0
F200
0440
0920
0880
0800
0800
0400
0380
0000
ENDCHAR
STARTCHAR 0x2448
ENCODING 12392
SWIDTH 886 0
DWIDTH 12 0
BBX 12 13 0 -2
BITMAP
0000
0800
0800
0800
0400
0780
0C00
1000
2000
2000
1000
0F80
0000
ENDCHAR
STARTCHAR 0x2449
ENCODING 12393
SWIDTH 886 0
DWIDTH 12 0
BBX 12 13 0 -2
BITMAP
0080
1240
1100
1000
0800
0F00
1800
2000
4000
4000
2000
1F00
0000
ENDCHAR
STARTCHAR 0x244A
ENCODING 12394
SWIDTH 886 0
DWIDTH 12 0
BBX 12 13 0 -2
BITMAP
0000
0800
08C0
FE20
1000
1080
2080
2080
4780
48C0
08A0
0700
0000
ENDCHAR
STARTCHAR 0x244B
ENCODING 12395
SWIDTH 886 0
DWIDTH 12 0
BBX 12 13 0 -2
BITMAP
0000
0000
2000
23C0
4000
4000
4000
4200
4400
4400
23E0
2000
0000
ENDCHAR
STARTCHAR 0x244D
ENCODING 12397
SWIDTH 886 0
DWIDTH 12 0
BBX 12 13 0 -2
BITMAP
0000
1000
1000
1000
7380
1440
1820
1020
31A0
5260
1240
11A0
0000
ENDCHAR
STARTCHAR 0x244E
ENCODING 12398
SWIDTH 886 0
DWIDTH 12 0
BBX 12 13 0 -2
BITMAP
0000
0000
0000
0F80
1440
2420
4420
4820
4820
3040
0180
0000
0000
ENDCHAR
STARTCHAR 0x244F
ENCODING 12399
SWIDTH 886 0
DWIDTH 12 0
BBX 12 13 0 -2
BITMAP
0000
0080
2080
2080
4FE0
4080
4080
4080
4780
48C0
28A0
2700
0000
ENDCHAR
STARTCHAR 0x2450
ENCODING 12400
SWIDTH 886 0
DWIDTH 12 0
BBX 12 13 0 -2
BITMAP
0000
0140
4120
4180
9F40
8100
8100
8100
8F00
9180
5140
4E00
0000
ENDCHAR
STARTCHAR 0x2452
ENCODING 12402
SWIDTH 886 0
DWIDTH 12 0
BBX 12 13 0 -2
BITMAP
0000
0000
7900
0900
1080
20C0
20A0
4080
4100
4100
2200
1C00
0000
ENDCHAR
STARTCHAR 0x2453
ENCODING 12403
SWIDTH 886 0
DWIDTH 12 0
BBX 12 13 0 -2
BITMAP
0000
0040
7920
0880
1000
2080
20C0
40A0
4100
4100
2200
1C00
0000
ENDCHAR
STARTCHAR 0x2455n
ENCODING 12405
SWIDTH 886 0
DWIDTH 12 0
BBX 12 13 0 -2
BITMAP
0000
0000
1F00
0100
0200
0400
2440
2440
2220
4220
4220
0C00
0000
ENDCHAR
STARTCHAR 0x2456
ENCODING 12406
SWIDTH 886 0
DWIDTH 12 0
BBX 12 13 0 -2
BITMAP
0000
0040
1F20
0180
0240
0400
2400
2440
2240
4220
4220
0C00
0000
ENDCHAR
STARTCHAR 0x2458
ENCODING 12408
SWIDTH 886 0
DWIDTH 12 0
BBX 12 13 0 -2
BITMAP
0000
0000
0000
0000
0000
3800
4400
8200
0180
0060
0000
0000
0000
ENDCHAR
STARTCHAR 0x2459
ENCODING 12409
SWIDTH 886 0
DWIDTH 12 0
BBX 12 13 0 -2
BITMAP
0000
0000
0080
0240
0100
3800
4400
8200
0180
0060
0000
0000
0000
ENDCHAR
STARTCHAR 0x245B
ENCODING 12411
SWIDTH 886 0
DWIDTH 12 0
BBX 12 13 0 -2
BITMAP
0000
0000
2FE0
2080
4080
4FE0
4080
4080
4780
48C0
28A0
2700
0000
ENDCHAR
STARTCHAR 0x245C
ENCODING 12412
SWIDTH 886 0
DWIDTH 12 0
BBX 12 13 0 -2
BITMAP
0000
0040
5F20
4180
8100
9FC0
8100
8100
8F00
9180
5140
4E00
0000
ENDCHAR
STARTCHAR 0x245E
ENCODING 12414
SWIDTH 886 0
DWIDTH 12 0
BBX 12 13 0 -2
BITMAP
0000
0200
0200
7FC0
0200
3FC0
0200
0200
1E00
2380
2240
1C00
0000
ENDCHAR
STARTCHAR 0x245F
ENCODING 12415
SWIDTH 886 0
DWIDTH 12 0
BBX 12 13 0 -2
BITMAP
0000
0000
7C00
0480
0480
0480
3F80
48C0
88A0
9080
6100
0600
0000
ENDCHAR
STARTCHAR 0x2460
ENCODING 12416
SWIDTH 886 0
DWIDTH 12 0
BBX 12 13 0 -2
BITMAP
0000
0800
0800
7EC0
0820
0800
3800
4800
4840
3840
0840
0780
0000
ENDCHAR
STARTCHAR 0x2461
ENCODING 12417
SWIDTH 886 0
DWIDTH 12 0
BBX 12 13 0 -2
BITMAP
0000
0200
0200
2200
2F80
1240
3220
5420
4C20
4820
3040
0180
0000
ENDCHAR
STARTCHAR 0x2462
ENCODING 12418
SWIDTH 886 0
DWIDTH 12 0
BBX 12 13 0 -2
BITMAP
0000
0800
0800
7F80
0800
0800
7F80
1000
1040
1040
0880
0700
0000
ENDCHAR
STARTCHAR 0x2463
ENCODING 12419
SWIDTH 886 0
DWIDTH 12 0
BBX 12 13 0 -2
BITMAP
0000
0000
0000
0000
0200
1200
1700
3A80
0880
0900
0400
0400
0000
ENDCHAR
STARTCHAR 0x2464
ENCODING 12420
SWIDTH 886 0
DWIDTH 12 0
BBX 12 13 0 -2
BITMAP
0000
0100
1100
11C0
1720
1920
6820
04C0
0400
0400
0200
0200
0000
ENDCHAR
STARTCHAR 0x2467
ENCODING 12423
SWIDTH 886 0
DWIDTH 12 0
BBX 12 13 0 -2
BITMAP
0000
0000
0000
0000
0200
0200
0380
0200
0E00
1300
1280
0C00
0000
ENDCHAR
STARTCHAR 0x2468
ENCODING 12424
SWIDTH 886 0
DWIDTH 12 0
BBX 12 13 0 -2
BITMAP
0000
0400
0400
0400
0780
0400
0400
0400
3C00
4700
4480
3800
0000
ENDCHAR
STARTCHAR 0x2469
ENCODING 12425
SWIDTH 886 0
DWIDTH 12 0
BBX 12 13 0 -2
BITMAP
0000
0C00
0300
0000
2000
2000
2700
3880
0040
0040
0180
0E00
0000
ENDCHAR
STARTCHAR 0x246A
ENCODING 12426
SWIDTH 886 0
DWIDTH 12 0
BBX 12 13 0 -2
BITMAP
0000
0000
1080
1080
1080
1080
1080
1480
0880
0080
0100
0600
0000
ENDCHAR
STARTCHAR 0x246B
ENCODING 12427
SWIDTH 886 0
DWIDTH 12 0
BBX 12 13 0 -2
BITMAP
0000
0000
1F80
0100
0200
0700
1880
2040
0C40
1240
1280
0F00
0000
ENDCHAR
STARTCHAR 0x246C
ENCODING 12428
SWIDTH 886 0
DWIDTH 12 0
BBX 12 13 0 -2
BITMAP
0000
1000
1000
1000
7380
1440
1840
1040
3080
5080
1080
1060
0000
ENDCHAR
STARTCHAR 0x246D
ENCODING 12429
SWIDTH 886 0
DWIDTH 12 0
BBX 12 13 0 -2
BITMAP
0000
0000
1F80
0100
0200
0700
1880
2040
0040
0040
0180
0E00
0000
ENDCHAR
STARTCHAR 0x246F
ENCODING 12431
SWIDTH 886 0
DWIDTH 12 0
BBX 12 13 0 -2
BITMAP
0000
1000
1000
1000
7380
1440
1820
1020
3020
5020
1040
1180
0000
ENDCHAR
STARTCHAR 0x2472
ENCODING 12434
SWIDTH 886 0
DWIDTH 12 0
BBX 12 13 0 -2
BITMAP
0000
0800
0800
7F80
1000
1C00
22C0
4700
4A00
1200
1000
0F80
0000
ENDCHAR
STARTCHAR 0x2473
ENCODING 12435
SWIDTH 886 0
DWIDTH 12 0
BBX 12 13 0 -2
BITMAP
0000
0000
0400
0400
0800
0800
1600
1900
2100
2120
4120
40C0
0000
ENDCHAR
STARTCHAR 0x2522
ENCODING 12450
SWIDTH 886 0
DWIDTH 12 0
BBX 12 13 0 -2
BITMAP
0000
0000
7FE0
0020
0040
0480
0400
0400
0400
0400
0800
3000
0000
ENDCHAR
STARTCHAR 0x2523
ENCODING 12451
SWIDTH 886 0
DWIDTH 12 0
BBX 12 13 0 -2
BITMAP
0000
0000
0000
0000
0000
0080
0100
0600
1A00
0200
0200
0200
0000
ENDCHAR
STARTCHAR 0x2524
ENCODING 12452
SWIDTH 886 0
DWIDTH 12 0
BBX 12 13 0 -2
BITMAP
0000
0000
0040
0080
0100
0600
1A00
6200
0200
0200
0200
0200
0000
ENDCHAR
STARTCHAR 0x2526
ENCODING 12454
SWIDTH 886 0
DWIDTH 12 0
BBX 12 13 0 -2
BITMAP
0000
0400
0400
7FC0
4040
4040
4040
0080
0080
0100
0600
1800
0000
ENDCHAR
STARTCHAR 0x2527
ENCODING 12455
SWIDTH 886 0
DWIDTH 12 0
BBX 12 13 0 -2
BITMAP
0000
0000
0000
0000
0000
3F80
0400
0400
0400
0400
3F80
0000
0000
ENDCHAR
STARTCHAR 0x2528
ENCODING 12456
SWIDTH 886 0
DWIDTH 12 0
BBX 12 13 0 -2
BITMAP
0000
0000
0000
7FC0
0400
0400
0400
0400
0400
0400
FFE0
0000
0000
ENDCHAR
STARTCHAR 0x252A
ENCODING 12458
SWIDTH 886 0
DWIDTH 12 0
BBX 12 13 0 -2
BITMAP
0000
0100
0100
0100
7FE0
0100
0300
0500
1900
6100
0100
0700
0000
ENDCHAR
STARTCHAR 0x252B
ENCODING 12459
SWIDTH 886 0
DWIDTH 12 0
BBX 12 13 0 -2
BITMAP
0000
0400
0400
0400
7FE0
0420
0420
0420
0820
0820
1020
61C0
0000
ENDCHAR
STARTCHAR 0x252C
ENCODING 12460
SWIDTH 886 0
DWIDTH 12 0
BBX 12 13 0 -2
BITMAP
0040
0920
0880
0800
FFC0
0840
0840
0840
1040
1040
2040
C380
0000
ENDCHAR
STARTCHAR 0x252F
ENCODING 12463
SWIDTH 886 0
DWIDTH 12 0
BBX 12 13 0 -2
BITMAP
0000
0400
0400
07C0
0840
1040
2040
0080
0080
0100
0600
3800
0000
ENDCHAR
STARTCHAR 0x2530
ENCODING 12464
SWIDTH 886 0
DWIDTH 12 0
BBX 12 13 0 -2
BITMAP
0040
0920
0880
0F80
1080
2080
4080
0100
0100
0200
0C00
7000
0000
ENDCHAR
STARTCHAR 0x2531
ENCODING 12465
SWIDTH 886 0
DWIDTH 12 0
BBX 12 13 0 -2
BITMAP
0000
1000
1000
1000
1FE0
2100
4100
0100
0200
0200
0C00
3000
0000
ENDCHAR
STARTCHAR 0x2532
ENCODING 12466
SWIDTH 886 0
DWIDTH 12 0
BBX 12 13 0 -2
BITMAP
0040
2120
2080
2000
3FC0
4200
8200
0200
0400
0400
1800
6000
0000
ENDCHAR
STARTCHAR 0x2535
ENCODING 12469
SWIDTH 886 0
DWIDTH 12 0
BBX 12 13 0 -2
BITMAP
0000
1080
1080
1080
7FE0
1080
1080
1080
0100
0100
0600
1800
0000
ENDCHAR
STARTCHAR 0x2537
ENCODING 12471
SWIDTH 886 0
DWIDTH 12 0
BBX 12 13 0 -2
BITMAP
0000
0000
3000
0C00
0020
6020
1840
0040
0080
0100
0600
3800
0000
ENDCHAR
STARTCHAR 0x2538
ENCODING 12472
SWIDTH 886 0
DWIDTH 12 0
BBX 12 13 0 -2
BITMAP
0040
0120
3080
0C00
0020
6020
1840
0040
0080
0100
0600
3800
0000
ENDCHAR
STARTCHAR 0x2539
ENCODING 12473
SWIDTH 886 0
DWIDTH 12 0
BBX 12 13 0 -2
BITMAP
0000
0000
3F80
0080
0080
0080
0100
0100
0300
0480
1840
6020
0000
ENDCHAR
STARTCHAR 0x253A
ENCODING 12474
SWIDTH 886 0
DWIDTH 12 0
BBX 12 13 0 -2
BITMAP
0240
0120
7F00
0100
0100
0100
0200
0200
0600
0900
3080
C040
0000
ENDCHAR
STARTCHAR 0x253B
ENCODING 12475
SWIDTH 886 0
DWIDTH 12 0
BBX 12 13 0 -2
BITMAP
0000
0800
0800
08E0
0B20
1C40
E840
0880
0800
0800
0800
07E0
0000
ENDCHAR
STARTCHAR 0x253C
ENCODING 12476
SWIDTH 886 0
DWIDTH 12 0
BBX 12 13 0 -2
BITMAP
0040
0920
0880
08E0
0B20
1C40
E840
0880
0800
0800
0800
07E0
0000
ENDCHAR
STARTCHAR 0x253F
ENCODING 12479
SWIDTH 886 0
DWIDTH 12 0
BBX 12 13 0 -2
BITMAP
0000
0400
0400
07C0
0840
1040
2640
0180
0080
0100
0600
3800
0000
ENDCHAR
STARTCHAR 0x2540
ENCODING 12480
SWIDTH 886 0
DWIDTH 12 0
BBX 12 13 0 -2
BITMAP
0040
0920
0880
0F80
1080
2080
4C80
0300
0100
0200
0C00
7000
0000
ENDCHAR
STARTCHAR 0x2541
ENCODING 12481
SWIDTH 886 0
DWIDTH 12 0
BBX 12 13 0 -2
BITMAP
0000
0000
03C0
7C00
0400
0400
FFE0
0400
0400
0400
0800
3000
0000
ENDCHAR
STARTCHAR 0x2543
ENCODING 12483
SWIDTH 886 0
DWIDTH 12 0
BBX 12 13 0 -2
BITMAP
0000
0000
0000
0000
0000
2480
2480
2480
0100
0100
0600
1800
0000
ENDCHAR
STARTCHAR 0x2546
ENCODING 12486
SWIDTH 886 0
DWIDTH 12 0
BBX 12 13 0 -2
BITMAP
0000
0000
3FC0
0000
0000
7FE0
0200
0200
0200
0200
0400
1800
0000
ENDCHAR
STARTCHAR 0x2547
ENCODING 12487
SWIDTH 886 0
DWIDTH 12 0
BBX 12 13 0 -2
BITMAP
0040
0120
7E80
0000
0000
FFC0
0400
0400
0400
0400
0800
3000
0000
ENDCHAR
STARTCHAR 0x2548
ENCODING 12488
SWIDTH 886 0
DWIDTH 12 0
BBX 12 13 0 -2
BITMAP
0000
1000
1000
1000
1000
1C00
1300
10C0
1000
1000
1000
1000
0000
ENDCHAR
STARTCHAR 0x2549
ENCODING 12489
SWIDTH 886 0
DWIDTH 12 0
BBX 12 13 0 -2
BITMAP
0000
2080
2240
2100
2000
3800
2600
2180
2000
2000
2000
2000
0000
ENDCHAR
STARTCHAR 0x254A
ENCODING 12490
SWIDTH 886 0
DWIDTH 12 0
BBX 12 13 0 -2
BITMAP
0000
0200
0200
0200
7FE0
0200
0200
0200
0400
0400
0800
3000
0000
ENDCHAR
STARTCHAR 0x254B
ENCODING 12491
SWIDTH 886 0
DWIDTH 12 0
BBX 12 13 0 -2
BITMAP
0000
0000
0000
3FC0
0000
0000
0000
0000
0000
0000
7FE0
0000
0000
ENDCHAR
STARTCHAR 0x2550
ENCODING 12496
SWIDTH 886 0
DWIDTH 12 0
BBX 12 13 0 -2
BITMAP
0000
0040
0120
1080
1000
1000
1080
2080
2040
2040
4020
4020
0000
ENDCHAR
STARTCHAR 0x2551
ENCODING 12497
SWIDTH 886 0
DWIDTH 12 0
BBX 12 13 0 -2
BITMAP
0000
00C0
0120
1120
10C0
1000
1080
2080
2040
2040
4020
4020
0000
ENDCHAR
STARTCHAR 0x2552
ENCODING 12498
SWIDTH 886 0
DWIDTH 12 0
BBX 12 13 0 -2
BITMAP
0000
2000
2000
2000
21C0
3E00
2000
2000
2000
2000
2000
1FC0
0000
ENDCHAR
STARTCHAR 0x2554
ENCODING 12500
SWIDTH 886 0
DWIDTH 12 0
BBX 12 13 0 -2
BITMAP
0000
00C0
4120
4120
40C0
4600
7800
4000
4000
4000
4000
3F80
0000
ENDCHAR
STARTCHAR 0x2555
ENCODING 12501
SWIDTH 886 0
DWIDTH 12 0
BBX 12 13 0 -2
BITMAP
0000
0000
7FC0
0040
0040
0040
0040
0080
0080
0100
0600
3800
0000
ENDCHAR
STARTCHAR 0x2557
ENCODING 12503
SWIDTH 886 0
DWIDTH 12 0
BBX 12 13 0 -2
BITMAP
00C0
0120
FF20
00C0
0080
0080
0080
0100
0100
0200
0C00
3000
0000
ENDCHAR
STARTCHAR 0x255C
ENCODING 12508
SWIDTH 886 0
DWIDTH 12 0
BBX 12 13 0 -2
BITMAP
0040
0520
0480
0400
FFE0
0400
0400
2480
4440
8420
0400
0C00
0000
ENDCHAR
STARTCHAR 0x255E
ENCODING 12510
SWIDTH 886 0
DWIDTH 12 0
BBX 12 13 0 -2
BITMAP
0000
0000
0000
7FE0
0020
0040
0080
1100
0A00
0400
0200
0100
0000
ENDCHAR
STARTCHAR 0x255F
ENCODING 12511
SWIDTH 886 0
DWIDTH 12 0
BBX 12 13 0 -2
BITMAP
0000
0000
1C00
0380
0000
0000
1C00
0300
0000
0000
3C00
0380
0000
ENDCHAR
STARTCHAR 0x2560
ENCODING 12512
SWIDTH 886 0
DWIDTH 12 0
BBX 12 13 0 -2
BITMAP
0000
0800
0800
0800
0800
1000
1080
1080
2080
2740
F840
0040
0000
ENDCHAR
STARTCHAR 0x2561
ENCODING 12513
SWIDTH 886 0
DWIDTH 12 0
BBX 12 13 0 -2
BITMAP
0000
0100
0100
0100
0100
3100
0E00
0380
0260
0400
1800
6000
0000
ENDCHAR
STARTCHAR 0x2563
ENCODING 12515
SWIDTH 886 0
DWIDTH 12 0
BBX 12 13 0 -2
BITMAP
0000
0000
0000
0000
0800
0800
0B80
3C80
0900
0500
0400
0400
0000
ENDCHAR
STARTCHAR 0x2565
ENCODING 12517
SWIDTH 886 0
DWIDTH 12 0
BBX 12 13 0 -2
BITMAP
0000
0000
0000
0000
0000
3E00
0200
0200
0200
0200
7F80
0000
0000
ENDCHAR
STARTCHAR 0x2567
ENCODING 12519
SWIDTH 886 0
DWIDTH 12 0
BBX 12 13 0 -2
BITMAP
0000
0000
0000
0000
0000
1F80
0080
0080
1F80
0080
0080
1F80
0000
ENDCHAR
STARTCHAR 0x2568
ENCODING 12520
SWIDTH 886 0
DWIDTH 12 0
BBX 12 13 0 -2
BITMAP
0000
0000
3FC0
0040
0040
0040
3FC0
0040
0040
0040
3FC0
0040
0000
ENDCHAR
STARTCHAR 0x2569
ENCODING 12521
SWIDTH 886 0
DWIDTH 12 0
BBX 12 13 0 -2
BITMAP
0000
0000
3F80
0000
0000
7FC0
0040
0040
0080
0100
0600
1800
0000
ENDCHAR
STARTCHAR 0x256A
ENCODING 12522
SWIDTH 886 0
DWIDTH 12 0
BBX 12 13 0 -2
BITMAP
0000
2080
2080
2080
2080
2080
2080
0080
0100
0100
0200
0C00
0000
ENDCHAR
STARTCHAR 0x256B
ENCODING 12523
SWIDTH 886 0
DWIDTH 12 0
BBX 12 13 0 -2
BITMAP
0000
0200
1200
1200
1200
1200
1220
1220
2240
2240
4280
4300
0000
ENDCHAR
STARTCHAR 0x256C
ENCODING 12524
SWIDTH 886 0
DWIDTH 12 0
BBX 12 13 0 -2
BITMAP
0000
0000
2000
2000
2000
2000
2000
2040
2080
2100
2600
3800
0000
ENDCHAR
STARTCHAR 0x256D
ENCODING 12525
SWIDTH 886 0
DWIDTH 12 0
BBX 12 13 0 -2
BITMAP
0000
0000
0000
7FC0
4040
4040
4040
4040
4040
4040
7FC0
4040
0000
ENDCHAR
STARTCHAR 0x2573
ENCODING 12531
SWIDTH 886 0
DWIDTH 12 0
BBX 12 13 0 -2
BITMAP
0000
0000
3000
0C00
0020
0020
0040
0040
0080
0100
0600
3800
0000
ENDCHAR
STARTCHAR 0x2126
ENCODING 12539
SWIDTH 886 0
DWIDTH 12 0
BBX 12 13 0 -2
BITMAP
0000
0000
0000
0000
0000
0000
0C00
0C00
0000
0000
0000
0000
0000
ENDCHAR
STARTCHAR 0x213C
ENCODING 12540
SWIDTH 886 0
DWIDTH 12 0
BBX 12 13 0 -2
BITMAP
0000
0000
0000
0000
0000
4000
3FC0
0000
0000
0000
0000
0000
0000
ENDCHAR
STARTCHAR 0x306C
ENCODING 19968
SWIDTH 886 0
DWIDTH 12 0
BBX 12 13 0 -2
BITMAP
0000
0000
0000
0000
0000
0000
FFE0
0000
0000
0000
0000
0000
0000
ENDCHAR
STARTCHAR 0x437A
ENCODING 19969
SWIDTH 886 0
DWIDTH 12 0
BBX 12 13 0 -2
BITMAP
0000
FFE0
0200
0200
0200
0200
0200
0200
0200
0200
0200
1E00
0000
ENDCHAR
STARTCHAR 0x3E66
ENCODING 19976
SWIDTH 886 0
DWIDTH 12 0
BBX 12 13 0 -2
BITMAP
0200
0200
0200
FFE0
0200
0200
1200
0A00
0400
0A00
3180
C060
0000
ENDCHAR
STARTCHAR 0x3B30
ENCODING 19977
SWIDTH 886 0
DWIDTH 12 0
BBX 12 13 0 -2
BITMAP
0000
0000
7FC0
0000
0000
0000
3F80
0000
0000
0000
0000
FFE0
0000
ENDCHAR
STARTCHAR 0x3E65
ENCODING 19978
SWIDTH 886 0
DWIDTH 12 0
BBX 12 13 0 -2
BITMAP
0400
0400
0400
0400
07C0
0400
0400
0400
0400
0400
0400
FFE0
0000
ENDCHAR
STARTCHAR 0x323C
ENCODING 19979
SWIDTH 886 0
DWIDTH 12 0
BBX 12 13 0 -2
BITMAP
0000
FFE0
0400
0400
0400
0700
04C0
0400
0400
0400
0400
0400
0000
ENDCHAR
STARTCHAR 0x4954
ENCODING 19981
SWIDTH 886 0
DWIDTH 12 0
BBX 12 13 0 -2
BITMAP
0000
FFE0
0100
0200
0400
0D00
3480
C440
0420
0400
0400
0400
0000
ENDCHAR
STARTCHAR 0x4D3F
ENCODING 19982
SWIDTH 886 0
DWIDTH 12 0
BBX 12 13 0 -2
BITMAP
1000
1000
1FC0
1000
1000
1F80
0080
FFE0
0080
0080
0100
0E00
0000
ENDCHAR
STARTCHAR 0x4024
ENCODING 19990
SWIDTH 886 0
DWIDTH 12 0
BBX 12 13 0 -2
BITMAP
0400
2480
2480
2480
FFE0
2480
2480
2480
2780
2000
2000
3FC0
0000
ENDCHAR
STARTCHAR 0x4366
ENCODING 20013
SWIDTH 886 0
DWIDTH 12 0
BBX 12 13 0 -2
BITMAP
0400
0400
0400
FFE0
8420
8420
8420
FFE0
0400
0400
0400
0400
0000
ENDCHAR
STARTCHAR 0x4E3B
ENCODING 20102
SWIDTH 886 0
DWIDTH 12 0
BBX 12 13 0 -2
BITMAP
0000
FFC0
0080
0100
0200
0400
0400
0400
0400
0400
0400
1C00
0000
ENDCHAR
STARTCHAR 0x3B76
ENCODING 20107
SWIDTH 886 0
DWIDTH 12 0
BBX 12 13 0 -2
BITMAP
0400
0400
FFE0
2480
2480
7FC0
0440
FFE0
0440
7FC0
0400
1C00
0000
ENDCHAR
STARTCHAR 0x3872
ENCODING 20132
SWIDTH 886 0
DWIDTH 12 0
BBX 12 13 0 -2
BITMAP
0400
0400
FFE0
1100
2080
4040
1100
0A00
0400
0A00
3180
C060
0000
ENDCHAR
STARTCHAR 0x3F4D
ENCODING 20154
SWIDTH 886 0
DWIDTH 12 0
BBX 12 13 0 -2
BITMAP
0000
0400
0400
0400
0400
0A00
0A00
1100
1100
2080
4040
8020
0000
ENDCHAR
STARTCHAR 0x3A23
ENCODING 20170
SWIDTH 886 0
DWIDTH 12 0
BBX 12 13 0 -2
BITMAP
0000
0F00
1080
2040
5FA0
8000
0000
3FC0
0040
0040
0180
0E00
0000
ENDCHAR
STARTCHAR 0x3B45
ENCODING 20181
SWIDTH 886 0
DWIDTH 12 0
BBX 12 13 0 -2
BITMAP
0100
2100
2100
4100
4FE0
C100
4100
4100
4100
4100
4100
4FE0
0000
ENDCHAR
STARTCHAR 0x423E
ENCODING 20182
SWIDTH 886 0
DWIDTH 12 0
BBX 12 13 0 -2
BITMAP
0200
2200
2AC0
4B40
4E40
DA40
4A40
4AC0
4A00
4A20
4820
4FE0
0000
ENDCHAR
STARTCHAR 0x4955
ENCODING 20184
SWIDTH 886 0
DWIDTH 12 0
BBX 12 13 0 -2
BITMAP
0040
2040
2040
4FE0
4040
C040
4440
4240
4040
4040
4040
41C0
0000
ENDCHAR
STARTCHAR 0x4E61
ENCODING 20196
SWIDTH 886 0
DWIDTH 12 0
BBX 12 13 0 -2
BITMAP
0000
0F00
1080
2040
7FA0
8000
0000
7FC0
0440
0440
0580
0400
0000
ENDCHAR
STARTCHAR 0x304A
ENCODING 20197
SWIDTH 886 0
DWIDTH 12 0
BBX 12 13 0 -2
BITMAP
0000
2040
2440
2440
2240
2240
2040
2080
3880
C140
0620
1820
0000
ENDCHAR
STARTCHAR 0x376F
ENCODING 20214
SWIDTH 886 0
DWIDTH 12 0
BBX 12 13 0 -2
BITMAP
0080
2480
2480
47E0
4880
C880
4080
5FE0
4080
4080
4080
4080
0000
ENDCHAR
STARTCHAR 0x4724
ENCODING 20219
SWIDTH 886 0
DWIDTH 12 0
BBX 12 13 0 -2
BITMAP
0000
20C0
2F00
4100
4100
C100
5FE0
4100
4100
4100
4100
4FE0
0000
ENDCHAR
STARTCHAR 0x4832
ENCODING 20240
SWIDTH 886 0
DWIDTH 12 0
BBX 12 13 0 -2
BITMAP
0200
2240
2220
4200
5FE0
C100
4120
4140
4080
4180
4640
5820
0000
ENDCHAR
STARTCHAR 0x3559
ENCODING 20241
SWIDTH 886 0
DWIDTH 12 0
BBX 12 13 0 -2
BITMAP
0100
2100
2100
5FE0
4100
C100
4300
4580
4940
5120
4100
4100
0000
ENDCHAR
STARTCHAR 0x4541
ENCODING 20253
SWIDTH 886 0
DWIDTH 12 0
BBX 12 13 0 -2
BITMAP
0000
27C0
2000
4000
4000
CFE0
4200
4200
4440
4440
48A0
4F20
0000
ENDCHAR
STARTCHAR 0x3B47
ENCODING 20282
SWIDTH 886 0
DWIDTH 12 0
BBX 12 13 0 -2
BITMAP
0000
2FE0
2020
4020
4F20
C020
4F20
4920
4920
4F20
4020
4060
0000
ENDCHAR
STARTCHAR 0x4463
ENCODING 20302
SWIDTH 886 0
DWIDTH 12 0
BBX 12 13 0 -2
BITMAP
0000
2060
2F80
4880
4880
CFE0
4840
4840
4820
4E20
4000
5FE0
0000
ENDCHAR
STARTCHAR 0x3D3B
ENCODING 20303
SWIDTH 886 0
DWIDTH 12 0
BBX 12 13 0 -2
BITMAP
0200
2100
2000
5FE0
4100
C100
4100
4FE0
4100
4100
4100
5FE0
0000
ENDCHAR
STARTCHAR 0x424E
ENCODING 20307
SWIDTH 886 0
DWIDTH 12 0
BBX 12 13 0 -2
BITMAP
0100
2100
2100
5FE0
4100
C300
4580
4940
5120
4FC0
4100
4100
0000
ENDCHAR
STARTCHAR 0x323F
ENCODING 20309
SWIDTH 886 0
DWIDTH 12 0
BBX 12 13 0 -2
BITMAP
0000
2FE0
2040
4040
4E40
CA40
4A40
4A40
4E40
4040
4040
41C0
0000
ENDCHAR
STARTCHAR 0x3A6E
ENCODING 20316
SWIDTH 886 0
DWIDTH 12 0
BBX 12 13 0 -2
BITMAP
0400
2400
27E0
4500
4900
C9E0
4100
4100
41E0
4100
4100
4100
0000
ENDCHAR
STARTCHAR 0x3B48
ENCODING 20351
SWIDTH 886 0
DWIDTH 12 0
BBX 12 13 0 -2
BITMAP
0100
2100
2FE0
4100
4FE0
C920
4920
4FE0
4100
4300
4480
5860
0000
ENDCHAR
STARTCHAR 0x4E63
ENCODING 20363
SWIDTH 886 0
DWIDTH 12 0
BBX 12 13 0 -2
BITMAP
0000
3F20
28A0
48A0
4EA0
D2A0
52A0
4AA0
44A0
4420
4820
7060
0000
ENDCHAR
STARTCHAR 0x3621
ENCODING 20379
SWIDTH 886 0
DWIDTH 12 0
BBX 12 13 0 -2
BITMAP
0480
2480
2480
5FE0
4480
C480
4480
5FE0
4000
4480
4840
5020
0000
ENDCHAR
STARTCHAR 0x4A5D
ENCODING 20445
SWIDTH 886 0
DWIDTH 12 0
BBX 12 13 0 -2
BITMAP
0000
2FE0
2820
4820
4FE0
C100
4FE0
4100
4380
4540
5920
4100
0000
ENDCHAR
STARTCHAR 0x3F2E
ENCODING 20449
SWIDTH 886 0
DWIDTH 12 0
BBX 12 13 0 -2
BITMAP
0000
27E0
2000
4FE0
4000
C7E0
4000
4000
47E0
4420
4420
47E0
0000
ENDCHAR
STARTCHAR 0x4152
ENCODING 20489
SWIDTH 886 0
DWIDTH 12 0
BBX 12 13 0 -2
BITMAP
0000
0F00
1080
3FC0
6060
BFC0
2040
3FC0
2000
5FC0
5040
1FC0
0000
ENDCHAR
STARTCHAR 0x3844
ENCODING 20491
SWIDTH 886 0
DWIDTH 12 0
BBX 12 13 0 -2
BITMAP
0000
2FE0
2920
4920
4FE0
C920
4BA0
4AA0
4AA0
4BA0
4820
4FE0
0000
ENDCHAR
STARTCHAR 0x434D
ENCODING 20516
SWIDTH 886 0
DWIDTH 12 0
BBX 12 13 0 -2
BITMAP
0080
2080
2FE0
4080
43E0
CA20
4BE0
4A20
4A20
4BE0
4800
4FE0
0000
ENDCHAR
STARTCHAR 0x4464
ENCODING 20572
SWIDTH 886 0
DWIDTH 12 0
BBX 12 13 0 -2
BITMAP
0200
2200
3FE0
4840
4FC0
C000
5FE0
5020
4FE0
4100
4100
4700
0000
ENDCHAR
STARTCHAR 0x3772
ENCODING 20581
SWIDTH 886 0
DWIDTH 12 0
BBX 12 13 0 -2
BITMAP
0080
2080
3BE0
48A0
4FE0
D0A0
5BE0
4880
6FE0
5080
5800
67E0
0000
ENDCHAR
STARTCHAR 0x4226
ENCODING 20596
SWIDTH 886 0
DWIDTH 12 0
BBX 12 13 0 -2
BITMAP
0000
1E20
32A0
5EA0
D2A0
5EA0
52A0
52A0
5EA0
4020
5220
6160
0000
ENDCHAR
STARTCHAR 0x4877
ENCODING 20633
SWIDTH 886 0
DWIDTH 12 0
BBX 12 13 0 -2
BITMAP
0480
2480
3FE0
4480
4FE0
C800
4FE0
5920
6FE0
4920
4FE0
4920
0000
ENDCHAR
STARTCHAR 0x3835
ENCODING 20803
SWIDTH 886 0
DWIDTH 12 0
BBX 12 13 0 -2
BITMAP
0000
7FC0
0000
0000
0000
FFE0
1200
1200
1200
1220
2220
C3E0
0000
ENDCHAR
STARTCHAR 0x3D3C
ENCODING 20805
SWIDTH 886 0
DWIDTH 12 0
BBX 12 13 0 -2
BITMAP
0400
0400
FFE0
0800
0900
1080
7FC0
1220
1200
1200
2220
C1E0
0000
ENDCHAR
STARTCHAR 0x4068
ENCODING 20808
SWIDTH 886 0
DWIDTH 12 0
BBX 12 13 0 -2
BITMAP
0400
2400
2400
3FC0
4400
8400
FFE0
0900
0900
0900
1120
E1E0
0000
ENDCHAR
STARTCHAR 0x3877
ENCODING 20809
SWIDTH 886 0
DWIDTH 12 0
BBX 12 13 0 -2
BITMAP
0400
0400
4440
2480
0400
0400
FFE0
1200
1200
1220
2220
C3E0
0000
ENDCHAR
STARTCHAR 0x4C48
ENCODING 20813
SWIDTH 886 0
DWIDTH 12 0
BBX 12 13 0 -2
BITMAP
0000
1F00
2100
4200
FFC0
4440
4440
7FC0
1200
1220
2220
C3E0
0000
ENDCHAR
STARTCHAR 0x467E
ENCODING 20837
SWIDTH 886 0
DWIDTH 12 0
BBX 12 13 0 -2
BITMAP
0000
3C00
0400
0400
0400
0400
0A00
0A00
1100
2100
4080
8060
0000
ENDCHAR
STARTCHAR 0x4134
ENCODING 20840
SWIDTH 886 0
DWIDTH 12 0
BBX 12 13 0 -2
BITMAP
0000
0E00
1100
2080
4040
BFA0
0400
0400
3F80
0400
0400
FFE0
0000
ENDCHAR
STARTCHAR 0x3878
ENCODING 20844
SWIDTH 886 0
DWIDTH 12 0
BBX 12 13 0 -2
BITMAP
0000
0780
2080
2080
4040
4040
8820
8820
1080
1080
2340
3C40
0000
ENDCHAR
STARTCHAR 0x3626
ENCODING 20849
SWIDTH 886 0
DWIDTH 12 0
BBX 12 13 0 -2
BITMAP
1100
1100
1100
7FC0
1100
1100
1100
FFE0
0000
1100
2080
4040
0000
ENDCHAR
STARTCHAR 0x3671
ENCODING 20855
SWIDTH 886 0
DWIDTH 12 0
BBX 12 13 0 -2
BITMAP
0000
3F80
2080
3F80
2080
3F80
2080
2080
FFE0
0000
3180
C060
0000
ENDCHAR
STARTCHAR 0x4662
ENCODING 20869
SWIDTH 886 0
DWIDTH 12 0
BBX 12 13 0 -2
BITMAP
0400
0400
0400
FFE0
8420
8420
8A20
9120
A0A0
8020
8020
80E0
0000
ENDCHAR
STARTCHAR 0x3A46
ENCODING 20877
SWIDTH 886 0
DWIDTH 12 0
BBX 12 13 0 -2
BITMAP
0000
FFE0
0400
7FC0
4440
7FC0
4440
4440
FFE0
4040
4040
40C0
0000
ENDCHAR
STARTCHAR 0x3E69
ENCODING 20887
SWIDTH 886 0
DWIDTH 12 0
BBX 12 13 0 -2
BITMAP
0000
FFE0
8020
8020
1F00
1100
1100
1100
1100
1120
2120
C1E0
0000
ENDCHAR
STARTCHAR 0x3C4C
ENCODING 20889
SWIDTH 886 0
DWIDTH 12 0
BBX 12 13 0 -2
BITMAP
0000
FFE0
9020
9FA0
1000
2000
3F80
0080
FFE0
0080
0100
0E00
0000
ENDCHAR
STARTCHAR 0x515C
ENCODING 20960
SWIDTH 886 0
DWIDTH 12 0
BBX 12 13 0 -2
BITMAP
0000
3F00
2100
2100
2100
2100
2100
2100
4100
4120
8120
81E0
0000
ENDCHAR
STARTCHAR 0x3D68
ENCODING 20966
SWIDTH 886 0
DWIDTH 12 0
BBX 12 13 0 -2
BITMAP
4000
4000
7BC0
4A40
4A40
8A40
9240
5440
2460
6000
9800
87E0
0000
ENDCHAR
STARTCHAR 0x3D50
ENCODING 20986
SWIDTH 886 0
DWIDTH 12 0
BBX 12 13 0 -2
BITMAP
0400
0400
4440
4440
4440
7FC0
0400
0400
8420
8420
8420
FFE0
0000
ENDCHAR
STARTCHAR 0x4A2C
ENCODING 20998
SWIDTH 886 0
DWIDTH 12 0
BBX 12 13 0 -2
BITMAP
0000
2780
2080
2040
4040
4020
BFA0
8880
0880
1080
1080
6300
0000
ENDCHAR
STARTCHAR 0x405A
ENCODING 20999
SWIDTH 886 0
DWIDTH 12 0
BBX 12 13 0 -2
BITMAP
0000
4FE0
4220
4220
F220
4220
4220
4420
4420
3820
0840
0180
0000
ENDCHAR
STARTCHAR 0x3D69
ENCODING 21021
SWIDTH 886 0
DWIDTH 12 0
BBX 12 13 0 -2
BITMAP
0000
4FE0
4220
F220
1220
1220
2220
4420
E420
4820
4840
4180
0000
ENDCHAR
STARTCHAR 0x483D
ENCODING 21028
SWIDTH 886 0
DWIDTH 12 0
BBX 12 13 0 -2
BITMAP
2000
2020
A520
A920
2120
FD20
2120
2120
FD20
2120
2020
2060
0000
ENDCHAR
STARTCHAR 0x4A4C
ENCODING 21029
SWIDTH 886 0
DWIDTH 12 0
BBX 12 13 0 -2
BITMAP
0000
F820
8920
8920
F920
4120
7920
4920
8920
8820
0820
7060
0000
ENDCHAR
STARTCHAR 0x4D78
ENCODING 21033
SWIDTH 886 0
DWIDTH 12 0
BBX 12 13 0 -2
BITMAP
0000
0C20
F120
1120
1120
FD20
1120
3120
5920
9420
1020
1060
0000
ENDCHAR
STARTCHAR 0x4029
ENCODING 21046
SWIDTH 886 0
DWIDTH 12 0
BBX 12 13 0 -2
BITMAP
2000
A020
FD20
A120
2120
FD20
2120
FD20
A520
A420
AC20
2060
0000
ENDCHAR
STARTCHAR 0x4130
ENCODING 21069
SWIDTH 886 0
DWIDTH 12 0
BBX 12 13 0 -2
BITMAP
1080
1100
FFE0
0000
7D20
4520
7D20
4520
7D20
4520
4420
4C60
0000
ENDCHAR
STARTCHAR 0x3364
ENCODING 21106
SWIDTH 886 0
DWIDTH 12 0
BBX 12 13 0 -2
BITMAP
1000
1020
FF20
9120
FD20
1120
7D20
1120
FD20
4420
4420
7C60
0000
ENDCHAR
STARTCHAR 0x414F
ENCODING 21109
SWIDTH 886 0
DWIDTH 12 0
BBX 12 13 0 -2
BITMAP
0000
3820
4520
FD20
4520
7D20
4520
7D20
4120
BC20
A420
3C60
0000
ENDCHAR
STARTCHAR 0x4E4F
ENCODING 21147
SWIDTH 886 0
DWIDTH 12 0
BBX 12 13 0 -2
BITMAP
0800
0800
0800
FFE0
0820
0820
0820
0820
1020
1020
2040
C380
0000
ENDCHAR
STARTCHAR 0x3879
ENCODING 21151
SWIDTH 886 0
DWIDTH 12 0
BBX 12 13 0 -2
BITMAP
0100
0100
F100
2FE0
2120
2120
2220
2220
2420
3420
C040
0180
0000
ENDCHAR
STARTCHAR 0x3243
ENCODING 21152
SWIDTH 886 0
DWIDTH 12 0
BBX 12 13 0 -2
BITMAP
2000
2000
21E0
FD20
2520
2520
2520
4520
4520
8520
8920
31E0
0000
ENDCHAR
STARTCHAR 0x3D75
ENCODING 21161
SWIDTH 886 0
DWIDTH 12 0
BBX 12 13 0 -2
BITMAP
0100
F100
9100
9FE0
F120
9120
9220
F220
9420
9420
9040
F980
0000
ENDCHAR
STARTCHAR 0x4D26
ENCODING 21191
SWIDTH 886 0
DWIDTH 12 0
BBX 12 13 0 -2
BITMAP
0000
7F80
0100
7FC0
4440
7FC0
4440
4440
FFE0
0820
3020
C1C0
0000
ENDCHAR
STARTCHAR 0x4630
ENCODING 21205
SWIDTH 886 0
DWIDTH 12 0
BBX 12 13 0 -2
BITMAP
0100
F900
2100
FFE0
A920
F920
A920
F920
2220
FA20
2040
F980
0000
ENDCHAR
STARTCHAR 0x4C33
ENCODING 21209
SWIDTH 886 0
DWIDTH 12 0
BBX 12 13 0 -2
BITMAP
0100
F900
09E0
5620
2140
F980
2E60
2900
77E0
A120
2220
64C0
0000
ENDCHAR
STARTCHAR 0x3E21
ENCODING 21213
SWIDTH 886 0
DWIDTH 12 0
BBX 12 13 0 -2
BITMAP
0100
E520
A540
AFE0
E280
AFE0
A440
E920
B7E0
A120
A220
ACC0
0000
ENDCHAR
STARTCHAR 0x3650
ENCODING 21220
SWIDTH 886 0
DWIDTH 12 0
BBX 12 13 0 -2
BITMAP
0100
5100
F900
57E0
F920
A920
A920
F920
2220
FA20
2040
F980
0000
ENDCHAR
STARTCHAR 0x323D
ENCODING 21270
SWIDTH 886 0
DWIDTH 12 0
BBX 12 13 0 -2
BITMAP
0200
1200
1200
2220
2240
6280
A300
2200
2200
2220
2220
23E0
0000
ENDCHAR
STARTCHAR 0x4B4C
ENCODING 21271
SWIDTH 886 0
DWIDTH 12 0
BBX 12 13 0 -2
BITMAP
0200
1200
1200
1260
F380
1200
1200
1200
3200
D220
1220
13E0
0000
ENDCHAR
STARTCHAR 0x3668
ENCODING 21306
SWIDTH 886 0
DWIDTH 12 0
BBX 12 13 0 -2
BITMAP
0000
FFE0
8000
9040
8880
8500
8200
8500
8880
9040
8000
FFE0
0000
ENDCHAR
STARTCHAR 0x3075
ENCODING 21360
SWIDTH 886 0
DWIDTH 12 0
BBX 12 13 0 -2
BITMAP
0000
1800
E3E0
8220
8220
FA20
8220
8220
8220
8220
FAE0
0200
0000
ENDCHAR
STARTCHAR 0x346D
ENCODING 21361
SWIDTH 886 0
DWIDTH 12 0
BBX 12 13 0 -2
BITMAP
0000
1F00
2100
4200
FFE0
4000
4F80
4880
4880
4980
8820
8FE0
0000
ENDCHAR
STARTCHAR 0x3551
ENCODING 21364
SWIDTH 886 0
DWIDTH 12 0
BBX 12 13 0 -2
BITMAP
2000
23E0
FA20
2220
2220
2220
FE20
4220
4220
8A20
FAE0
0A00
0000
ENDCHAR
STARTCHAR 0x3836
ENCODING 21407
SWIDTH 886 0
DWIDTH 12 0
BBX 12 13 0 -2
BITMAP
0000
7FE0
4200
5FC0
5040
5FC0
5040
5040
5FC0
8200
9240
2620
0000
ENDCHAR
STARTCHAR 0x3B32
ENCODING 21442
SWIDTH 886 0
DWIDTH 12 0
BBX 12 13 0 -2
BITMAP
0800
0900
1080
7FC0
0400
FFE0
0880
3140
C620
1880
0300
3C00
0000
ENDCHAR
STARTCHAR 0x3C7D
ENCODING 21454
SWIDTH 886 0
DWIDTH 12 0
BBX 12 13 0 -2
BITMAP
0000
17E0
5020
5020
5220
5220
5140
5140
7080
D180
1240
1C20
0000
ENDCHAR
STARTCHAR 0x3C68
ENCODING 21462
SWIDTH 886 0
DWIDTH 12 0
BBX 12 13 0 -2
BITMAP
0000
FC00
4BE0
7820
4A20
4A20
7940
4940
4880
7980
CA40
0C20
0000
ENDCHAR
STARTCHAR 0x3C75
ENCODING 21463
SWIDTH 886 0
DWIDTH 12 0
BBX 12 13 0 -2
BITMAP
0000
7F40
0840
4480
2100
FFE0
8020
BFA0
0080
1100
0E00
71C0
0000
ENDCHAR
STARTCHAR 0x387D
ENCODING 21475
SWIDTH 886 0
DWIDTH 12 0
BBX 12 13 0 -2
BITMAP
0000
0000
7FE0
4020
4020
4020
4020
4020
4020
4020
7FE0
4020
0000
ENDCHAR
STARTCHAR 0x3845
ENCODING 21476
SWIDTH 886 0
DWIDTH 12 0
BBX 12 13 0 -2
BITMAP
0400
0400
0400
FFE0
0400
0400
0400
3F80
2080
2080
2080
3F80
0000
ENDCHAR
STARTCHAR 0x3667
ENCODING 21477
SWIDTH 886 0
DWIDTH 12 0
BBX 12 13 0 -2
BITMAP
2000
2000
3FE0
4020
4020
9E20
9220
1220
1220
1E20
0040
0180
0000
ENDCHAR
STARTCHAR 0x3244
ENCODING 21487
SWIDTH 886 0
DWIDTH 12 0
BBX 12 13 0 -2
BITMAP
0000
FFE0
0080
0080
7880
4880
4880
4880
7880
0080
0080
0380
0000
ENDCHAR
STARTCHAR 0x4266
ENCODING 21488
SWIDTH 886 0
DWIDTH 12 0
BBX 12 13 0 -2
BITMAP
1000
1080
2080
2040
FFC0
0020
0020
3F80
2080
2080
2080
3F80
0000
ENDCHAR
STARTCHAR 0x3966
ENCODING 21495
SWIDTH 886 0
DWIDTH 12 0
BBX 12 13 0 -2
BITMAP
0000
3F80
2080
2080
3F80
0000
FFE0
1000
3FC0
2040
0080
0700
0000
ENDCHAR
STARTCHAR 0x3B4A
ENCODING 21496
SWIDTH 886 0
DWIDTH 12 0
BBX 12 13 0 -2
BITMAP
0000
FFC0
0040
0040
7C40
0040
0040
7C40
4440
4440
7C40
00C0
0000
ENDCHAR
STARTCHAR 0x3967
ENCODING 21512
SWIDTH 886 0
DWIDTH 12 0
BBX 12 13 0 -2
BITMAP
0000
0E00
1100
2080
4040
BFA0
0000
0000
3F80
2080
2080
3F80
0000
ENDCHAR
STARTCHAR 0x4631
ENCODING 21516
SWIDTH 886 0
DWIDTH 12 0
BBX 12 13 0 -2
BITMAP
0000
FFE0
8020
8020
BFA0
8020
8020
9F20
9120
9120
9F20
8060
0000
ENDCHAR
STARTCHAR 0x4C3E
ENCODING 21517
SWIDTH 886 0
DWIDTH 12 0
BBX 12 13 0 -2
BITMAP
0400
0400
0FC0
1040
6880
0500
0200
0FE0
3820
C820
0820
0FE0
0000
ENDCHAR
STARTCHAR 0x387E
ENCODING 21521
SWIDTH 886 0
DWIDTH 12 0
BBX 12 13 0 -2
BITMAP
0200
0400
0800
FFE0
8020
8020
9F20
9120
9120
9F20
8020
80E0
0000
ENDCHAR
STARTCHAR 0x485D
ENCODING 21542
SWIDTH 886 0
DWIDTH 12 0
BBX 12 13 0 -2
BITMAP
0000
FFE0
0200
0400
1C80
E440
0420
0400
3F80
2080
2080
3F80
0000
ENDCHAR
STARTCHAR 0x345E
ENCODING 21547
SWIDTH 886 0
DWIDTH 12 0
BBX 12 13 0 -2
BITMAP
0000
1F00
2080
5F40
8020
3F80
0100
0200
3F80
2080
2080
3F80
0000
ENDCHAR
STARTCHAR 0x3970
ENCODING 21578
SWIDTH 886 0
DWIDTH 12 0
BBX 12 13 0 -2
BITMAP
0200
2200
2200
3FC0
4200
8200
FFE0
0000
3FC0
2040
2040
3FC0
0000
ENDCHAR
STARTCHAR 0x3C7E
ENCODING 21608
SWIDTH 886 0
DWIDTH 12 0
BBX 12 13 0 -2
BITMAP
0000
7FE0
4420
4420
5F20
4420
5FA0
4020
5F20
5120
9F20
8060
0000
ENDCHAR
STARTCHAR 0x3846
ENCODING 21628
SWIDTH 886 0
DWIDTH 12 0
BBX 12 13 0 -2
BITMAP
0000
00E0
EF00
A100
A920
A540
A100
BFE0
A100
A100
E100
0700
0000
ENDCHAR
STARTCHAR 0x4C3F
ENCODING 21629
SWIDTH 886 0
DWIDTH 12 0
BBX 12 13 0 -2
BITMAP
0000
0F00
1080
2040
7FA0
8000
7BE0
4A20
4A20
4A20
7AE0
0200
0000
ENDCHAR
STARTCHAR 0x3077
ENCODING 21729
SWIDTH 886 0
DWIDTH 12 0
BBX 12 13 0 -2
BITMAP
0000
7FC0
4040
7FC0
0000
7FC0
4040
7FC0
4040
7FC0
2080
C060
0000
ENDCHAR
STARTCHAR 0x4C64
ENCODING 21839
SWIDTH 886 0
DWIDTH 12 0
BBX 12 13 0 -2
BITMAP
0000
FBE0
8A20
FBE0
8A20
FBE0
8020
8020
9F20
9120
9120
9F60
0000
ENDCHAR
STARTCHAR 0x346F
ENCODING 22120
SWIDTH 886 0
DWIDTH 12 0
BBX 12 13 0 -2
BITMAP
0000
7BC0
4A40
4A40
7BC0
0400
FFE0
1100
FBE0
4A40
4A40
7BC0
0000
ENDCHAR
STARTCHAR 0x3273
ENCODING 22238
SWIDTH 886 0
DWIDTH 12 0
BBX 12 13 0 -2
BITMAP
0000
FFE0
8020
8020
9F20
9120
9120
9120
9F20
8020
8020
FFE0
0000
ENDCHAR
STARTCHAR 0x3078
ENCODING 22240
SWIDTH 886 0
DWIDTH 12 0
BBX 12 13 0 -2
BITMAP
0000
FFE0
8420
8420
BFA0
8420
8420
8A20
9120
A0A0
8020
FFE0
0000
ENDCHAR
STARTCHAR 0x304F
ENCODING 22258
SWIDTH 886 0
DWIDTH 12 0
BBX 12 13 0 -2
BITMAP
0000
FFE0
8020
8920
BFA0
8920
8920
BFA0
9120
9120
8020
FFE0
0000
ENDCHAR
STARTCHAR 0x3F5E
ENCODING 22259
SWIDTH 886 0
DWIDTH 12 0
BBX 12 13 0 -2
BITMAP
0000
FFE0
8820
84A0
A0A0
9120
8520
8220
8D20
B0A0
8020
FFE0
0000
ENDCHAR
STARTCHAR 0x3971
ENCODING 22269
SWIDTH 886 0
DWIDTH 12 0
BBX 12 13 0 -2
BITMAP
0000
FFE0
8020
BFA0
8420
8420
9F20
84A0
8420
BFA0
8020
FFE0
0000
ENDCHAR
STARTCHAR 0x3035
ENCODING 22311
SWIDTH 886 0
DWIDTH 12 0
BBX 12 13 0 -2
BITMAP
0000
7FE0
4000
4100
4100
4100
5FE0
4100
4100
8100
8100
1FE0
0000
ENDCHAR
STARTCHAR 0x3A5F
ENCODING 22312
SWIDTH 886 0
DWIDTH 12 0
BBX 12 13 0 -2
BITMAP
0800
0800
FFE0
1100
1100
2100
2FE0
6100
A100
2100
2100
2FE0
0000
ENDCHAR
STARTCHAR 0x434F
ENCODING 22320
SWIDTH 886 0
DWIDTH 12 0
BBX 12 13 0 -2
BITMAP
0100
2100
2560
25A0
F720
2D20
2520
2560
2500
3400
C420
07E0
0000
ENDCHAR
STARTCHAR 0x373F
ENCODING 22411
SWIDTH 886 0
DWIDTH 12 0
BBX 12 13 0 -2
BITMAP
0000
FD20
4920
4920
FD20
4920
8860
0400
3F80
0400
0400
FFE0
0000
ENDCHAR
STARTCHAR 0x3068
ENCODING 22495
SWIDTH 886 0
DWIDTH 12 0
BBX 12 13 0 -2
BITMAP
0080
40A0
5FE0
4080
EE80
4AA0
4AA0
4E40
4040
5EA0
E120
0620
0000
ENDCHAR
STARTCHAR 0x4632
ENCODING 22530
SWIDTH 886 0
DWIDTH 12 0
BBX 12 13 0 -2
BITMAP
0840
4480
2100
FFE0
8020
BFA0
2080
3F80
0400
3F80
0400
FFE0
0000
ENDCHAR
STARTCHAR 0x4A73
ENCODING 22577
SWIDTH 886 0
DWIDTH 12 0
BBX 12 13 0 -2
BITMAP
2000
23E0
FA20
2200
FFE0
4A20
4AA0
FEA0
2240
F840
21A0
2620
0000
ENDCHAR
STARTCHAR 0x3E6C
ENCODING 22580
SWIDTH 886 0
DWIDTH 12 0
BBX 12 13 0 -2
BITMAP
0000
4FC0
4840
4FC0
E840
4FE0
4400
5FE0
44A0
4920
F220
04C0
0000
ENDCHAR
STARTCHAR 0x5452
ENCODING 22687
SWIDTH 886 0
DWIDTH 12 0
BBX 12 13 0 -2
BITMAP
0200
43C0
4200
5FE0
F420
5FC0
5400
57C0
5AA0
56C0
E280
0FE0
0000
ENDCHAR
STARTCHAR 0x3275
ENCODING 22730
SWIDTH 886 0
DWIDTH 12 0
BBX 12 13 0 -2
BITMAP
0100
4100
5FE0
4AA0
EAA0
4FE0
4200
5FE0
4520
5940
E880
0E60
0000
ENDCHAR
STARTCHAR 0x4A51
ENCODING 22793
SWIDTH 886 0
DWIDTH 12 0
BBX 12 13 0 -2
BITMAP
0400
0400
FFE0
0900
4940
8920
1000
1F80
6080
0900
0E00
F1E0
0000
ENDCHAR
STARTCHAR 0x3330
ENCODING 22806
SWIDTH 886 0
DWIDTH 12 0
BBX 12 13 0 -2
BITMAP
0100
4100
7900
4900
4D00
AB00
9980
0940
1120
1100
2100
C100
0000
ENDCHAR
STARTCHAR 0x4C6B
ENCODING 22812
SWIDTH 886 0
DWIDTH 12 0
BBX 12 13 0 -2
BITMAP
0400
0400
FFE0
2400
27C0
4A40
4940
D480
5280
4100
4680
5860
0000
ENDCHAR
STARTCHAR 0x4267
ENCODING 22823
SWIDTH 886 0
DWIDTH 12 0
BBX 12 13 0 -2
BITMAP
0400
0400
0400
FFE0
0400
0400
0400
0A00
0A00
1100
2080
C060
0000
ENDCHAR
STARTCHAR 0x4957
ENCODING 22827
SWIDTH 886 0
DWIDTH 12 0
BBX 12 13 0 -2
BITMAP
0400
0400
0400
7FC0
0400
0400
FFE0
0400
0A00
1100
2080
C060
0000
ENDCHAR
STARTCHAR 0x317C
ENCODING 22885
SWIDTH 886 0
DWIDTH 12 0
BBX 12 13 0 -2
BITMAP
0400
0800
7FC0
5540
4440
7FC0
4440
5540
FFE0
0A00
3180
C060
0000
ENDCHAR
STARTCHAR 0x3D77
ENCODING 22899
SWIDTH 886 0
DWIDTH 12 0
BBX 12 13 0 -2
BITMAP
0800
0800
0800
FFE0
1080
1080
1080
2100
3100
0E00
1180
E060
0000
ENDCHAR
STARTCHAR 0x4C2F
ENCODING 22937
SWIDTH 886 0
DWIDTH 12 0
BBX 12 13 0 -2
BITMAP
0100
4100
4100
F540
5920
5100
5100
9300
E020
3040
4180
4E00
0000
ENDCHAR
STARTCHAR 0x3A4A
ENCODING 22971
SWIDTH 886 0
DWIDTH 12 0
BBX 12 13 0 -2
BITMAP
0400
0400
FFE0
0480
7FE0
0480
3F80
0800
FFE0
1080
1F00
60C0
0000
ENDCHAR
STARTCHAR 0x3B4F
ENCODING 22987
SWIDTH 886 0
DWIDTH 12 0
BBX 12 13 0 -2
BITMAP
0100
4100
4220
F420
57E0
5000
5000
97E0
E420
3420
4420
47E0
0000
ENDCHAR
STARTCHAR 0x3B51
ENCODING 23039
SWIDTH 886 0
DWIDTH 12 0
BBX 12 13 0 -2
BITMAP
0400
4400
27E0
0920
2900
4280
8460
0800
FFE0
1080
1F00
60C0
0000
ENDCHAR
STARTCHAR 0x3052
ENCODING 23041
SWIDTH 886 0
DWIDTH 12 0
BBX 12 13 0 -2
BITMAP
0080
00A0
7FE0
4080
7E80
48A0
7FA0
52A0
5240
5440
8CA0
B320
0000
ENDCHAR
STARTCHAR 0x3B52
ENCODING 23376
SWIDTH 886 0
DWIDTH 12 0
BBX 12 13 0 -2
BITMAP
0000
3F80
0080
0100
0200
0400
FFE0
0400
0400
0400
0400
1C00
0000
ENDCHAR
STARTCHAR 0x4238
ENCODING 23384
SWIDTH 886 0
DWIDTH 12 0
BBX 12 13 0 -2
BITMAP
0800
0800
FFE0
1000
17C0
2040
4080
C100
5FE0
4100
4100
4300
0000
ENDCHAR
STARTCHAR 0x3C69
ENCODING 23432
SWIDTH 886 0
DWIDTH 12 0
BBX 12 13 0 -2
BITMAP
0400
0400
FFE0
8020
8120
0100
FFE0
0100
2100
1100
0100
0700
0000
ENDCHAR
STARTCHAR 0x3042
ENCODING 23433
SWIDTH 886 0
DWIDTH 12 0
BBX 12 13 0 -2
BITMAP
0400
0400
FFE0
8020
8820
0800
FFE0
1080
1080
3100
0F00
70C0
0000
ENDCHAR
STARTCHAR 0x3430
ENCODING 23436
SWIDTH 886 0
DWIDTH 12 0
BBX 12 13 0 -2
BITMAP
0400
0400
FFE0
8020
BFA0
0000
0000
7FC0
1200
1200
2220
C3E0
0000
ENDCHAR
STARTCHAR 0x446A
ENCODING 23450
SWIDTH 886 0
DWIDTH 12 0
BBX 12 13 0 -2
BITMAP
0400
0400
FFE0
8020
8000
3FC0
0400
0400
27C0
2400
3C00
C3E0
0000
ENDCHAR
STARTCHAR 0x3C42
ENCODING 23455
SWIDTH 886 0
DWIDTH 12 0
BBX 12 13 0 -2
BITMAP
0400
0400
FFE0
8420
3F80
0400
3F80
0400
FFE0
0A00
3180
C060
0000
ENDCHAR
STARTCHAR 0x3332
ENCODING 23475
SWIDTH 886 0
DWIDTH 12 0
BBX 12 13 0 -2
BITMAP
0400
0400
FFE0
8420
BFA0
0400
3F80
0400
FFE0
2080
2080
3F80
0000
ENDCHAR
STARTCHAR 0x3248
ENCODING 23478
SWIDTH 886 0
DWIDTH 12 0
BBX 12 13 0 -2
BITMAP
0400
0400
FFE0
8020
BFA0
2400
0C40
7280
0700
1A80
E260
0C00
0000
ENDCHAR
STARTCHAR 0x4D46
ENCODING 23481
SWIDTH 886 0
DWIDTH 12 0
BBX 12 13 0 -2
BITMAP
0400
0400
FFE0
9120
A0A0
4E40
1100
2080
7FC0
A0A0
2080
3F80
0000
ENDCHAR
STARTCHAR 0x3473
ENCODING 23492
SWIDTH 886 0
DWIDTH 12 0
BBX 12 13 0 -2
BITMAP
0400
0400
FFE0
8420
BFA0
0A00
1100
FFE0
0080
3C80
2480
3D80
0000
ENDCHAR
STARTCHAR 0x3F32
ENCODING 23517
SWIDTH 886 0
DWIDTH 12 0
BBX 12 13 0 -2
BITMAP
0400
0400
FFE0
8020
4FC0
4040
DFE0
5020
4FC0
C440
4780
5860
0000
ENDCHAR
STARTCHAR 0x3B21
ENCODING 23519
SWIDTH 886 0
DWIDTH 12 0
BBX 12 13 0 -2
BITMAP
0400
0400
FFE0
88A0
AAA0
3180
DF60
0000
FFE0
0400
4440
8C20
0000
ENDCHAR
STARTCHAR 0x472B
ENCODING 23527
SWIDTH 886 0
DWIDTH 12 0
BBX 12 13 0 -2
BITMAP
0400
0400
FFE0
9220
5040
8F20
0000
7FC0
4A40
FFE0
0400
1C00
0000
ENDCHAR
STARTCHAR 0x3F33
ENCODING 23529
SWIDTH 886 0
DWIDTH 12 0
BBX 12 13 0 -2
BITMAP
0400
0400
FFE0
A4A0
1500
FFE0
1500
3F80
E4E0
3F80
2480
3F80
0000
ENDCHAR
STARTCHAR 0x4250
ENCODING 23550
SWIDTH 886 0
DWIDTH 12 0
BBX 12 13 0 -2
BITMAP
2040
2040
2040
F7E0
1040
1040
9440
5240
2040
3040
4840
80C0
0000
ENDCHAR
STARTCHAR 0x4975
ENCODING 23553
SWIDTH 886 0
DWIDTH 12 0
BBX 12 13 0 -2
BITMAP
2020
2020
F820
23E0
2020
FC20
2220
2120
F820
2020
2020
FC60
0000
ENDCHAR
STARTCHAR 0x3C4D
ENCODING 23556
SWIDTH 886 0
DWIDTH 12 0
BBX 12 13 0 -2
BITMAP
2040
4040
F840
8FE0
F840
8840
FA40
8940
F840
2840
4840
98C0
0000
ENDCHAR
STARTCHAR 0x3E2E
ENCODING 23567
SWIDTH 886 0
DWIDTH 12 0
BBX 12 13 0 -2
BITMAP
0000
0400
0400
0400
4440
4440
4420
8420
8420
0400
0400
1C00
0000
ENDCHAR
STARTCHAR 0x3E2F
ENCODING 23569
SWIDTH 886 0
DWIDTH 12 0
BBX 12 13 0 -2
BITMAP
0400
0400
0400
2480
2440
4420
8400
0C40
0080
0300
0C00
7000
0000
ENDCHAR
STARTCHAR 0x356F
ENCODING 23621
SWIDTH 886 0
DWIDTH 12 0
BBX 12 13 0 -2
BITMAP
0000
7FC0
4040
7FC0
4200
7FE0
4200
4200
5FC0
9040
9040
1FC0
0000
ENDCHAR
STARTCHAR 0x464F
ENCODING 23626
SWIDTH 886 0
DWIDTH 12 0
BBX 12 13 0 -2
BITMAP
0000
7FE0
4020
4020
7FE0
4200
5FE0
5220
5FE0
9220
9220
1FE0
0000
ENDCHAR
STARTCHAR 0x3230
ENCODING 23627
SWIDTH 886 0
DWIDTH 12 0
BBX 12 13 0 -2
BITMAP
0000
7FE0
4020
7FE0
4000
7FE0
4880
5FC0
4220
9FC0
8200
3FE0
0000
ENDCHAR
STARTCHAR 0x4158
ENCODING 23652
SWIDTH 886 0
DWIDTH 12 0
BBX 12 13 0 -2
BITMAP
0000
7FE0
4020
7FE0
5120
5FE0
5120
5FE0
4840
8FC0
8840
0FC0
0000
ENDCHAR
STARTCHAR 0x3B33
ENCODING 23665
SWIDTH 886 0
DWIDTH 12 0
BBX 12 13 0 -2
BITMAP
0000
0400
0400
0400
0400
8420
8420
8420
8420
8420
8420
FFE0
0000
ENDCHAR
STARTCHAR 0x322C
ENCODING 23713
SWIDTH 886 0
DWIDTH 12 0
BBX 12 13 0 -2
BITMAP
0000
FFE0
8020
9120
9120
9220
BFA0
8420
A4A0
A4A0
BFA0
8060
0000
ENDCHAR
STARTCHAR 0x345F
ENCODING 23736
SWIDTH 886 0
DWIDTH 12 0
BBX 12 13 0 -2
BITMAP
0200
4220
7FE0
0000
7FE0
4000
5FC0
4200
4200
BFE0
8200
0200
0000
ENDCHAR
STARTCHAR 0x4A78
ENCODING 23849
SWIDTH 886 0
DWIDTH 12 0
BBX 12 13 0 -2
BITMAP
0400
8420
FFE0
0000
7BE0
4A20
7BE0
4A20
7BE0
4A20
8A20
9A60
0000
ENDCHAR
STARTCHAR 0x3A39
ENCODING 24046
SWIDTH 886 0
DWIDTH 12 0
BBX 12 13 0 -2
BITMAP
1080
1100
FFE0
0400
7FC0
0400
FFE0
1000
3FC0
C200
0200
7FE0
0000
ENDCHAR
STARTCHAR 0x3B54
ENCODING 24066
SWIDTH 886 0
DWIDTH 12 0
BBX 12 13 0 -2
BITMAP
0400
0400
FFE0
0400
0400
7FC0
4440
4440
4440
4440
44C0
0400
0000
ENDCHAR
STARTCHAR 0x3475
ENCODING 24076
SWIDTH 886 0
DWIDTH 12 0
BBX 12 13 0 -2
BITMAP
0000
31C0
0E00
7180
0440
FFE0
1200
3FC0
D240
1240
12C0
0200
0000
ENDCHAR
STARTCHAR 0x404A
ENCODING 24109
SWIDTH 886 0
DWIDTH 12 0
BBX 12 13 0 -2
BITMAP
0200
0200
7FE0
4880
7FE0
4880
4F80
4200
5FC0
9240
9240
12C0
0000
ENDCHAR
STARTCHAR 0x4253
ENCODING 24111
SWIDTH 886 0
DWIDTH 12 0
BBX 12 13 0 -2
BITMAP
0400
2480
FFE0
2480
3F80
0000
FFE0
8420
BFA0
2480
2580
0400
0000
ENDCHAR
STARTCHAR 0x3522
ENCODING 24112
SWIDTH 886 0
DWIDTH 12 0
BBX 12 13 0 -2
BITMAP
0000
2FC0
A040
AFC0
A040
BFE0
A120
AFE0
2940
2940
49C0
4100
0000
ENDCHAR
STARTCHAR 0x4422
ENCODING 24115
SWIDTH 886 0
DWIDTH 12 0
BBX 12 13 0 -2
BITMAP
0000
27E0
2400
27C0
FC00
A7C0
A400
AFE0
A500
24A0
2440
2720
0000
ENDCHAR
STARTCHAR 0x3E6F
ENCODING 24120
SWIDTH 886 0
DWIDTH 12 0
BBX 12 13 0 -2
BITMAP
0400
2480
FFE0
8020
9F20
1100
1F00
0400
7FC0
4440
4440
44C0
0000
ENDCHAR
STARTCHAR 0x4A3F
ENCODING 24179
SWIDTH 886 0
DWIDTH 12 0
BBX 12 13 0 -2
BITMAP
0000
FFE0
0400
4440
2480
0400
0400
FFE0
0400
0400
0400
0400
0000
ENDCHAR
STARTCHAR 0x472F
ENCODING 24180
SWIDTH 886 0
DWIDTH 12 0
BBX 12 13 0 -2
BITMAP
2000
2000
3FE0
4200
8200
3FC0
2200
2200
FFE0
0200
0200
0200
0000
ENDCHAR
STARTCHAR 0x4423
ENCODING 24193
SWIDTH 886 0
DWIDTH 12 0
BBX 12 13 0 -2
BITMAP
0200
0200
7FE0
4000
4000
5FE0
4100
4100
4100
8100
8100
0700
0000
ENDCHAR
STARTCHAR 0x392D
ENCODING 24195
SWIDTH 886 0
DWIDTH 12 0
BBX 12 13 0 -2
BITMAP
0400
0400
7FE0
4000
4400
4400
4400
4840
4840
8840
91A0
9E20
0000
ENDCHAR
STARTCHAR 0x4559
ENCODING 24230
SWIDTH 886 0
DWIDTH 12 0
BBX 12 13 0 -2
BITMAP
0200
0200
7FE0
4880
7FE0
4880
4F80
4000
9FC0
8880
0F00
70E0
0000
ENDCHAR
STARTCHAR 0x3A42
ENCODING 24231
SWIDTH 886 0
DWIDTH 12 0
BBX 12 13 0 -2
BITMAP
0200
0200
7FE0
4880
4880
5540
6220
4200
5FE0
8200
8200
3FE0
0000
ENDCHAR
STARTCHAR 0x384B
ENCODING 24235
SWIDTH 886 0
DWIDTH 12 0
BBX 12 13 0 -2
BITMAP
0200
0200
7FE0
4100
5FE0
5120
5FE0
5120
5FE0
4100
BFE0
8100
0000
ENDCHAR
STARTCHAR 0x392F
ENCODING 24247
SWIDTH 886 0
DWIDTH 12 0
BBX 12 13 0 -2
BITMAP
0200
0200
7FE0
4220
7FE0
4220
5FE0
6220
5340
8A80
9240
2620
0000
ENDCHAR
STARTCHAR 0x4751
ENCODING 24259
SWIDTH 886 0
DWIDTH 12 0
BBX 12 13 0 -2
BITMAP
0200
0200
7FE0
4520
5540
4880
5FC0
6520
5FE0
8500
8920
31E0
0000
ENDCHAR
STARTCHAR 0x3164
ENCODING 24310
SWIDTH 886 0
DWIDTH 12 0
BBX 12 13 0 -2
BITMAP
0000
00C0
EF00
2100
4100
85E0
E500
2500
A500
4FE0
B000
8FE0
0000
ENDCHAR
STARTCHAR 0x377A
ENCODING 24314
SWIDTH 886 0
DWIDTH 12 0
BBX 12 13 0 -2
BITMAP
0100
0100
EFE0
2120
5FE0
8120
E7E0
2100
AFE0
4100
6000
9FE0
0000
ENDCHAR
STARTCHAR 0x307A
ENCODING 24341
SWIDTH 886 0
DWIDTH 12 0
BBX 12 13 0 -2
BITMAP
0000
F840
0840
0840
F840
8040
8040
F840
0840
0840
1040
6040
0000
ENDCHAR
STARTCHAR 0x4425
ENCODING 24373
SWIDTH 886 0
DWIDTH 12 0
BBX 12 13 0 -2
BITMAP
0000
E7E0
2400
27C0
E400
87C0
8400
EFE0
2500
24A0
2440
C720
0000
ENDCHAR
STARTCHAR 0x362F
ENCODING 24375
SWIDTH 886 0
DWIDTH 12 0
BBX 12 13 0 -2
BITMAP
0200
E400
2820
2FE0
E100
8FE0
8920
E920
2FE0
2100
2120
CFE0
0000
ENDCHAR
STARTCHAR 0x4346
ENCODING 24382
SWIDTH 886 0
DWIDTH 12 0
BBX 12 13 0 -2
BITMAP
0220
E940
2480
2FE0
E920
8FE0
8920
E920
2FE0
2100
2FE0
C100
0000
ENDCHAR
STARTCHAR 0x4576
ENCODING 24403
SWIDTH 886 0
DWIDTH 12 0
BBX 12 13 0 -2
BITMAP
0400
0400
4420
2440
0400
7FE0
0020
0020
7FE0
0020
0020
7FE0
0000
ENDCHAR
STARTCHAR 0x3146
ENCODING 24433
SWIDTH 886 0
DWIDTH 12 0
BBX 12 13 0 -2
BITMAP
0000
FC20
8440
FC80
8400
FC20
1040
FE80
4800
7820
9440
B280
0000
ENDCHAR
STARTCHAR 0x4C72
ENCODING 24441
SWIDTH 886 0
DWIDTH 12 0
BBX 12 13 0 -2
BITMAP
0000
2780
4480
8480
04A0
28E0
4000
CFC0
4440
4480
4380
5C60
0000
ENDCHAR
STARTCHAR 0x317D
ENCODING 24448
SWIDTH 886 0
DWIDTH 12 0
BBX 12 13 0 -2
BITMAP
0200
2100
4000
8FE0
0100
2100
4100
CFE0
4100
4100
4100
4FE0
0000
ENDCHAR
STARTCHAR 0x4254
ENCODING 24453
SWIDTH 886 0
DWIDTH 12 0
BBX 12 13 0 -2
BITMAP
0100
2100
47E0
8100
0100
2FE0
4040
CFE0
4040
4440
4240
40C0
0000
ENDCHAR
STARTCHAR 0x4E27
ENCODING 24459
SWIDTH 886 0
DWIDTH 12 0
BBX 12 13 0 -2
BITMAP
0100
2100
4FE0
8120
1FE0
2120
4FE0
C100
4FE0
4100
5FE0
4100
0000
ENDCHAR
STARTCHAR 0x3865
ENCODING 24460
SWIDTH 886 0
DWIDTH 12 0
BBX 12 13 0 -2
BITMAP
0000
2280
4480
8900
0540
2240
4FE0
C400
4FC0
5440
4380
5C60
0000
ENDCHAR
STARTCHAR 0x3D3E
ENCODING 24467
SWIDTH 886 0
DWIDTH 12 0
BBX 12 13 0 -2
BITMAP
0840
2440
4080
8FE0
0100
2100
4900
C9E0
4900
4900
4F00
70E0
0000
ENDCHAR
STARTCHAR 0x4640
ENCODING 24471
SWIDTH 886 0
DWIDTH 12 0
BBX 12 13 0 -2
BITMAP
0000
27E0
4420
87E0
0420
27E0
4040
CFE0
4040
4440
4240
40C0
0000
ENDCHAR
STARTCHAR 0x3866
ENCODING 24481
SWIDTH 886 0
DWIDTH 12 0
BBX 12 13 0 -2
BITMAP
1000
10E0
5FA0
94A0
04A0
3FA0
44A0
C6A0
54A0
54E0
5780
5880
0000
ENDCHAR
STARTCHAR 0x497C
ENCODING 24489
SWIDTH 886 0
DWIDTH 12 0
BBX 12 13 0 -2
BITMAP
0400
2400
4FE0
9840
0FC0
2840
4FC0
C400
4FE0
5440
4380
5C60
0000
ENDCHAR
STARTCHAR 0x4427
ENCODING 24500
SWIDTH 886 0
DWIDTH 12 0
BBX 12 13 0 -2
BITMAP
0480
1480
54E0
9FA0
0020
3F20
44A0
C4A0
5F40
4440
44A0
5F20
0000
ENDCHAR
STARTCHAR 0x3F34
ENCODING 24515
SWIDTH 886 0
DWIDTH 12 0
BBX 12 13 0 -2
BITMAP
0000
1800
0600
0000
0000
1040
5040
5020
9020
9080
1080
0F00
0000
ENDCHAR
STARTCHAR 0x492C
ENCODING 24517
SWIDTH 886 0
DWIDTH 12 0
BBX 12 13 0 -2
BITMAP
0000
1800
0600
0000
1040
5140
5220
9420
9820
1080
3080
4F00
0000
ENDCHAR
STARTCHAR 0x4B3A
ENCODING 24536
SWIDTH 886 0
DWIDTH 12 0
BBX 12 13 0 -2
BITMAP
0400
0400
FFE0
2000
2000
2000
1FC0
0400
1200
5040
9020
0F80
0000
ENDCHAR
STARTCHAR 0x317E
ENCODING 24540
SWIDTH 886 0
DWIDTH 12 0
BBX 12 13 0 -2
BITMAP
0200
0200
7FE0
4000
4200
4100
4000
4440
4420
5400
A420
83E0
0000
ENDCHAR
STARTCHAR 0x495D
ENCODING 24598
SWIDTH 886 0
DWIDTH 12 0
BBX 12 13 0 -2
BITMAP
0100
2100
2FE0
2200
A280
A480
AFE0
B4A0
A4A0
24A0
24E0
2080
0000
ENDCHAR
STARTCHAR 0x3B57
ENCODING 24605
SWIDTH 886 0
DWIDTH 12 0
BBX 12 13 0 -2
BITMAP
0000
7FC0
4440
7FC0
4440
4440
7FC0
0000
0400
1240
5020
8F80
0000
ENDCHAR
STARTCHAR 0x355E
ENCODING 24613
SWIDTH 886 0
DWIDTH 12 0
BBX 12 13 0 -2
BITMAP
0000
1F00
2200
7FC0
0040
3FC0
0040
3FC0
0400
1240
5020
8F80
0000
ENDCHAR
STARTCHAR 0x402D
ENCODING 24615
SWIDTH 886 0
DWIDTH 12 0
BBX 12 13 0 -2
BITMAP
0080
2480
2480
27E0
A880
A880
A080
A7E0
A080
2080
2080
2FE0
0000
ENDCHAR
STARTCHAR 0x4861
ENCODING 24754
SWIDTH 886 0
DWIDTH 12 0
BBX 12 13 0 -2
BITMAP
0200
0A00
FBE0
0A00
7BC0
0A00
FBE0
1200
0400
1240
5020
8F80
0000
ENDCHAR
STARTCHAR 0x3E70
ENCODING 24773
SWIDTH 886 0
DWIDTH 12 0
BBX 12 13 0 -2
BITMAP
0100
2100
2FE0
2100
A7E0
A100
AFE0
A420
A7E0
2420
27E0
2420
0000
ENDCHAR
STARTCHAR 0x4F47
ENCODING 24785
SWIDTH 886 0
DWIDTH 12 0
BBX 12 13 0 -2
BITMAP
0100
0120
FFE0
0100
7940
4880
4940
7A20
0100
1040
5020
8F80
0000
ENDCHAR
STARTCHAR 0x3055
ENCODING 24847
SWIDTH 886 0
DWIDTH 12 0
BBX 12 13 0 -2
BITMAP
0400
0400
FFE0
1100
FFE0
2080
3F80
2080
3F80
1240
5020
8F80
0000
ENDCHAR
STARTCHAR 0x4256
ENCODING 24907
SWIDTH 886 0
DWIDTH 12 0
BBX 12 13 0 -2
BITMAP
2200
4260
8B80
FA20
8BE0
FA00
8BE0
FA00
8BE0
1200
5040
8FA0
0000
ENDCHAR
STARTCHAR 0x3746
ENCODING 25001
SWIDTH 886 0
DWIDTH 12 0
BBX 12 13 0 -2
BITMAP
0080
F900
23E0
FE20
23E0
FA20
8A20
FBE0
0400
1240
5020
8F80
0000
ENDCHAR
STARTCHAR 0x402E
ENCODING 25104
SWIDTH 886 0
DWIDTH 12 0
BBX 12 13 0 -2
BITMAP
0100
0120
7FE0
4100
4120
7920
4940
4940
4880
58A0
8360
8C20
0000
ENDCHAR
STARTCHAR 0x406F
ENCODING 25126
SWIDTH 886 0
DWIDTH 12 0
BBX 12 13 0 -2
BITMAP
2100
9520
4920
F900
AFE0
F900
A940
A940
F880
2080
F940
2620
0000
ENDCHAR
STARTCHAR 0x4257
ENCODING 25140
SWIDTH 886 0
DWIDTH 12 0
BBX 12 13 0 -2
BITMAP
1100
1140
7D20
1100
FFE0
5280
7EA0
52A0
FE40
2440
FEA0
4520
0000
ENDCHAR
STARTCHAR 0x4C61
ENCODING 25147
SWIDTH 886 0
DWIDTH 12 0
BBX 12 13 0 -2
BITMAP
0000
FFE0
0000
7FC0
4040
7FC0
4200
7FE0
8200
8500
1880
6060
0000
ENDCHAR
STARTCHAR 0x3D6A
ENCODING 25152
SWIDTH 886 0
DWIDTH 12 0
BBX 12 13 0 -2
BITMAP
0000
F860
0380
0200
7A00
4BE0
4A40
7A40
4240
4440
8440
8040
0000
ENDCHAR
STARTCHAR 0x3C6A
ENCODING 25163
SWIDTH 886 0
DWIDTH 12 0
BBX 12 13 0 -2
BITMAP
0000
03C0
7C00
0400
0400
7FC0
0400
0400
FFE0
0400
0400
1C00
0000
ENDCHAR
STARTCHAR 0x4247
ENCODING 25171
SWIDTH 886 0
DWIDTH 12 0
BBX 12 13 0 -2
BITMAP
0000
27E0
2040
F040
2040
2040
2040
3040
E040
2040
2040
61C0
0000
ENDCHAR
STARTCHAR 0x4A27
ENCODING 25173
SWIDTH 886 0
DWIDTH 12 0
BBX 12 13 0 -2
BITMAP
0000
4200
4200
F200
4200
4200
4400
6440
C440
4840
48A0
CF20
0000
ENDCHAR
STARTCHAR 0x3037
ENCODING 25201
SWIDTH 886 0
DWIDTH 12 0
BBX 12 13 0 -2
BITMAP
0000
5FC0
4440
E480
4500
45C0
4840
6A40
D140
5080
4340
CC20
0000
ENDCHAR
STARTCHAR 0x4834
ENCODING 25244
SWIDTH 886 0
DWIDTH 12 0
BBX 12 13 0 -2
BITMAP
0400
4400
5FE0
E400
4400
47C0
4840
6A40
D140
5080
4340
CC20
0000
ENDCHAR
STARTCHAR 0x3221
ENCODING 25276
SWIDTH 886 0
DWIDTH 12 0
BBX 12 13 0 -2
BITMAP
0000
4FE0
4920
E920
4FE0
4920
4920
6920
CFE0
4100
4100
C100
0000
ENDCHAR
STARTCHAR 0x4334
ENCODING 25285
SWIDTH 886 0
DWIDTH 12 0
BBX 12 13 0 -2
BITMAP
0000
47E0
4420
F420
47E0
4420
4420
6420
C7E0
4000
4000
CFE0
0000
ENDCHAR
STARTCHAR 0x3571
ENCODING 25298
SWIDTH 886 0
DWIDTH 12 0
BBX 12 13 0 -2
BITMAP
0000
4FE0
4800
E800
4FC0
4840
4840
6FC0
C800
4800
4800
CFE0
0000
ENDCHAR
STARTCHAR 0x4752
ENCODING 25309
SWIDTH 886 0
DWIDTH 12 0
BBX 12 13 0 -2
BITMAP
0000
4FE0
4100
E100
4FE0
4100
4100
6100
CFE0
4100
4100
C100
0000
ENDCHAR
STARTCHAR 0x3572
ENCODING 25312
SWIDTH 886 0
DWIDTH 12 0
BBX 12 13 0 -2
BITMAP
1000
51C0
5D40
F540
5540
5540
5540
6A40
CA40
4860
5400
E3E0
0000
ENDCHAR
STARTCHAR 0x3B7D
ENCODING 25345
SWIDTH 886 0
DWIDTH 12 0
BBX 12 13 0 -2
BITMAP
0100
4100
4FE0
E100
4100
4FE0
4040
6FE0
C040
4440
4240
C0C0
0000
ENDCHAR
STARTCHAR 0x3B58
ENCODING 25351
SWIDTH 886 0
DWIDTH 12 0
BBX 12 13 0 -2
BITMAP
0000
2460
2780
F400
2420
27E0
2000
37E0
E420
27E0
2420
67E0
0000
ENDCHAR
STARTCHAR 0x422A
ENCODING 25417
SWIDTH 886 0
DWIDTH 12 0
BBX 12 13 0 -2
BITMAP
0000
4FE0
4820
E820
4FE0
4100
4100
69E0
C900
4900
4F00
F0E0
0000
ENDCHAR
STARTCHAR 0x4A61
ENCODING 25429
SWIDTH 886 0
DWIDTH 12 0
BBX 12 13 0 -2
BITMAP
0100
4120
4FE0
E100
4FE0
4920
4FE0
6920
CFE0
4920
4920
C960
0000
ENDCHAR
STARTCHAR 0x335D
ENCODING 25499
SWIDTH 886 0
DWIDTH 12 0
BBX 12 13 0 -2
BITMAP
0400
4440
4F40
E440
4440
5F40
4460
6450
CF40
4440
4440
DF40
0000
ENDCHAR
STARTCHAR 0x3A4E
ENCODING 25505
SWIDTH 886 0
DWIDTH 12 0
BBX 12 13 0 -2
BITMAP
0000
4FA0
4220
E940
4440
4000
4100
6FE0
C300
4540
5920
C100
0000
ENDCHAR
STARTCHAR 0x4335
ENCODING 25506
SWIDTH 886 0
DWIDTH 12 0
BBX 12 13 0 -2
BITMAP
0000
5FE0
52A0
F280
4480
5860
4100
4FE0
E300
4540
5920
C100
0000
ENDCHAR
STARTCHAR 0x405C
ENCODING 25509
SWIDTH 886 0
DWIDTH 12 0
BBX 12 13 0 -2
BITMAP
0100
4100
4FE0
E440
4440
5FE0
4200
5FE0
E440
4C40
4380
CC60
0000
ENDCHAR
STARTCHAR 0x3935
ENCODING 25511
SWIDTH 886 0
DWIDTH 12 0
BBX 12 13 0 -2
BITMAP
0100
4100
5FE0
F2A0
5280
42A0
4CE0
4000
EFC0
4100
4100
DFE0
0000
ENDCHAR
STARTCHAR 0x4941
ENCODING 25551
SWIDTH 886 0
DWIDTH 12 0
BBX 12 13 0 -2
BITMAP
0240
4240
4FE0
E240
4240
4FE0
4920
6920
CFE0
4920
4920
CFE0
0000
ENDCHAR
STARTCHAR 0x4473
ENCODING 25552
SWIDTH 886 0
DWIDTH 12 0
BBX 12 13 0 -2
BITMAP
0000
4FC0
4840
EFC0
4840
4FC0
4000
5FE0
E900
49C0
4F00
F0E0
0000
ENDCHAR
STARTCHAR 0x423B
ENCODING 25613
SWIDTH 886 0
DWIDTH 12 0
BBX 12 13 0 -2
BITMAP
0000
27E0
2420
F7E0
2000
27E0
2420
37E0
E420
27E0
2240
6C20
0000
ENDCHAR
STARTCHAR 0x3762
ENCODING 25731
SWIDTH 886 0
DWIDTH 12 0
BBX 12 13 0 -2
BITMAP
1000
13C0
FE40
5460
7FC0
5240
FF80
0460
7F80
0400
FFE0
0400
0000
ENDCHAR
STARTCHAR 0x3B59
ENCODING 25903
SWIDTH 886 0
DWIDTH 12 0
BBX 12 13 0 -2
BITMAP
0400
0400
FFE0
0400
0400
3F80
0080
1080
0900
0600
1980
E060
0000
ENDCHAR
STARTCHAR 0x3936
ENCODING 25915
SWIDTH 886 0
DWIDTH 12 0
BBX 12 13 0 -2
BITMAP
0400
0400
07E0
F440
2440
2840
2940
2140
2080
3080
C340
0C20
0000
ENDCHAR
STARTCHAR 0x402F
ENCODING 25919
SWIDTH 886 0
DWIDTH 12 0
BBX 12 13 0 -2
BITMAP
0200
0200
FBE0
2240
2440
2440
B940
A140
A080
A080
F340
0C20
0000
ENDCHAR
STARTCHAR 0x3635
ENCODING 25945
SWIDTH 886 0
DWIDTH 12 0
BBX 12 13 0 -2
BITMAP
2100
2500
FDE0
2A40
2A40
FC40
4140
B940
0880
FC80
1140
3620
0000
ENDCHAR
STARTCHAR 0x3F74
ENCODING 25968
SWIDTH 886 0
DWIDTH 12 0
BBX 12 13 0 -2
BITMAP
2100
A500
69E0
FE40
2240
6840
A540
F940
4880
C880
3140
CE20
0000
ENDCHAR
STARTCHAR 0x4030
ENCODING 25972
SWIDTH 886 0
DWIDTH 12 0
BBX 12 13 0 -2
BITMAP
2200
2200
FBE0
2240
FD40
A980
6240
BFE0
0400
2780
2400
FFE0
0000
ENDCHAR
STARTCHAR 0x4528
ENCODING 25973
SWIDTH 886 0
DWIDTH 12 0
BBX 12 13 0 -2
BITMAP
1100
1100
FDE0
4920
4920
FE20
92A0
FEA0
9240
BA40
AAA0
BB20
0000
ENDCHAR
STARTCHAR 0x495F
ENCODING 25975
SWIDTH 886 0
DWIDTH 12 0
BBX 12 13 0 -2
BITMAP
2100
2500
FDE0
2140
FE40
A440
FD40
A540
FE80
2480
4540
9A20
0000
ENDCHAR
STARTCHAR 0x4A38
ENCODING 25991
SWIDTH 886 0
DWIDTH 12 0
BBX 12 13 0 -2
BITMAP
0400
0400
0400
FFE0
0080
1080
1100
0900
0A00
0400
1B00
E0E0
0000
ENDCHAR
STARTCHAR 0x4E41
ENCODING 26009
SWIDTH 886 0
DWIDTH 12 0
BBX 12 13 0 -2
BITMAP
0000
2040
B240
A140
2040
F440
2240
6060
71C0
AE40
A040
2040
0000
ENDCHAR
STARTCHAR 0x4347
ENCODING 26029
SWIDTH 886 0
DWIDTH 12 0
BBX 12 13 0 -2
BITMAP
0000
9460
DB80
B200
9200
FFE0
9240
BA40
D640
9240
FC40
0440
0000
ENDCHAR
STARTCHAR 0x3F37
ENCODING 26032
SWIDTH 886 0
DWIDTH 12 0
BBX 12 13 0 -2
BITMAP
2000
2060
FB80
4A00
4A00
FFE0
2240
FA40
3240
6A40
A440
2440
0000
ENDCHAR
STARTCHAR 0x4A7D
ENCODING 26041
SWIDTH 886 0
DWIDTH 12 0
BBX 12 13 0 -2
BITMAP
0400
0400
FFE0
0800
0800
0FC0
0840
1040
1040
2040
2080
0700
0000
ENDCHAR
STARTCHAR 0x3B5C
ENCODING 26045
SWIDTH 886 0
DWIDTH 12 0
BBX 12 13 0 -2
BITMAP
0400
4400
47E0
F900
4960
45A0
7720
5D20
9560
9500
1420
63E0
0000
ENDCHAR
STARTCHAR 0x4E39
ENCODING 26053
SWIDTH 886 0
DWIDTH 12 0
BBX 12 13 0 -2
BITMAP
4400
4400
47E0
F880
4900
4280
7EA0
4AA0
4A40
8A40
8A20
3220
0000
ENDCHAR
STARTCHAR 0x4232
ENCODING 26063
SWIDTH 886 0
DWIDTH 12 0
BBX 12 13 0 -2
BITMAP
0400
4400
47E0
FA00
4BE0
7280
5480
57E0
9080
9080
1140
6620
0000
ENDCHAR
STARTCHAR 0x347B
ENCODING 26082
SWIDTH 886 0
DWIDTH 12 0
BBX 12 13 0 -2
BITMAP
0000
F7E0
9240
F240
9240
9FE0
F080
8080
9180
8AA0
A4A0
C8E0
0000
ENDCHAR
STARTCHAR 0x467C
ENCODING 26085
SWIDTH 886 0
DWIDTH 12 0
BBX 12 13 0 -2
BITMAP
0000
3FC0
2040
2040
2040
2040
3FC0
2040
2040
2040
2040
3FC0
0000
ENDCHAR
STARTCHAR 0x4161
ENCODING 26089
SWIDTH 886 0
DWIDTH 12 0
BBX 12 13 0 -2
BITMAP
0000
7FC0
4040
7FC0
4040
4040
7FC0
0400
0400
FFE0
0400
0400
0000
ENDCHAR
STARTCHAR 0x4C40
ENCODING 26126
SWIDTH 886 0
DWIDTH 12 0
BBX 12 13 0 -2
BITMAP
0000
07E0
F420
9420
97E0
F420
9420
97E0
F420
0420
0820
30E0
0000
ENDCHAR
STARTCHAR 0x436B
ENCODING 26172
SWIDTH 886 0
DWIDTH 12 0
BBX 12 13 0 -2
BITMAP
0000
7FC0
4040
7FC0
4100
5F80
9140
9F20
1100
1F00
0000
FFE0
0000
ENDCHAR
STARTCHAR 0x3B7E
ENCODING 26178
SWIDTH 886 0
DWIDTH 12 0
BBX 12 13 0 -2
BITMAP
0100
0100
F7E0
9100
9100
9FE0
F040
9FE0
9040
9440
F240
00C0
0000
ENDCHAR
STARTCHAR 0x4855
ENCODING 26217
SWIDTH 886 0
DWIDTH 12 0
BBX 12 13 0 -2
BITMAP
0000
0780
E880
B100
AFE0
A920
E920
AFE0
A280
A280
E4A0
18E0
0000
ENDCHAR
STARTCHAR 0x4961
ENCODING 26222
SWIDTH 886 0
DWIDTH 12 0
BBX 12 13 0 -2
BITMAP
1080
1100
7FC0
0A00
4A40
2A80
0A00
FFE0
2080
3F80
2080
3F80
0000
ENDCHAR
STARTCHAR 0x374A
ENCODING 26223
SWIDTH 886 0
DWIDTH 12 0
BBX 12 13 0 -2
BITMAP
0000
3F80
2080
3F80
2080
3F80
0400
FFE0
1100
1F00
4440
8C20
0000
ENDCHAR
STARTCHAR 0x3045
ENCODING 26263
SWIDTH 886 0
DWIDTH 12 0
BBX 12 13 0 -2
BITMAP
0100
0100
FFE0
9240
9240
9FE0
F000
97E0
9420
97E0
F420
07E0
0000
ENDCHAR
STARTCHAR 0x3939
ENCODING 26356
SWIDTH 886 0
DWIDTH 12 0
BBX 12 13 0 -2
BITMAP
0000
FFE0
0400
3FC0
2440
3FC0
2440
3FC0
0800
1800
2600
C1E0
0000
ENDCHAR
STARTCHAR 0x3D71
ENCODING 26360
SWIDTH 886 0
DWIDTH 12 0
BBX 12 13 0 -2
BITMAP
0400
0400
7FC0
0440
FFE0
0440
7FC0
0400
FFE0
2080
2080
3F80
0000
ENDCHAR
STARTCHAR 0x4258
ENCODING 26367
SWIDTH 886 0
DWIDTH 12 0
BBX 12 13 0 -2
BITMAP
2080
2080
FBE0
2080
FFE0
2280
4440
BFA0
2080
3F80
2080
3F80
0000
ENDCHAR
STARTCHAR 0x3A47
ENCODING 26368
SWIDTH 886 0
DWIDTH 12 0
BBX 12 13 0 -2
BITMAP
0000
3F80
2080
3F80
2080
FFE0
4800
7FE0
4A40
4A40
7980
CE60
0000
ENDCHAR
STARTCHAR 0x376E
ENCODING 26376
SWIDTH 886 0
DWIDTH 12 0
BBX 12 13 0 -2
BITMAP
0000
3FC0
2040
2040
3FC0
2040
2040
3FC0
2040
2040
4040
41C0
0000
ENDCHAR
STARTCHAR 0x4D2D
ENCODING 26377
SWIDTH 886 0
DWIDTH 12 0
BBX 12 13 0 -2
BITMAP
0400
0400
FFE0
0800
0800
1FC0
3040
DFC0
1040
1FC0
1040
10C0
0000
ENDCHAR
STARTCHAR 0x497E
ENCODING 26381
SWIDTH 886 0
DWIDTH 12 0
BBX 12 13 0 -2
BITMAP
0000
F7E0
9420
9400
F7C0
9440
9440
F540
9540
9080
9140
B620
0000
ENDCHAR
STARTCHAR 0x4B3E
ENCODING 26395
SWIDTH 886 0
DWIDTH 12 0
BBX 12 13 0 -2
BITMAP
2000
23E0
FE20
43E0
4220
3BE0
0420
7FC0
0400
3F80
0400
FFE0
0000
ENDCHAR
STARTCHAR 0x347C
ENCODING 26399
SWIDTH 886 0
DWIDTH 12 0
BBX 12 13 0 -2
BITMAP
0000
49E0
FD20
4920
79E0
4920
7920
49E0
FD20
0120
5220
8A60
0000
ENDCHAR
STARTCHAR 0x4C5A
ENCODING 26408
SWIDTH 886 0
DWIDTH 12 0
BBX 12 13 0 -2
BITMAP
0400
0400
0400
FFE0
0400
0E00
1500
2480
4440
8420
0400
0400
0000
ENDCHAR
STARTCHAR 0x4C24
ENCODING 26410
SWIDTH 886 0
DWIDTH 12 0
BBX 12 13 0 -2
BITMAP
0400
0400
7FC0
0400
0400
FFE0
0400
0D00
1480
2440
C420
0400
0000
ENDCHAR
STARTCHAR 0x4B5C
ENCODING 26412
SWIDTH 886 0
DWIDTH 12 0
BBX 12 13 0 -2
BITMAP
0400
0400
0400
FFE0
0400
0E00
1500
2480
4440
9F20
0400
0400
0000
ENDCHAR
STARTCHAR 0x3A60
ENCODING 26448
SWIDTH 886 0
DWIDTH 12 0
BBX 12 13 0 -2
BITMAP
2040
2040
2040
F7E0
2040
20C0
6140
6240
B440
A040
2040
21C0
0000
ENDCHAR
STARTCHAR 0x422B
ENCODING 26463
SWIDTH 886 0
DWIDTH 12 0
BBX 12 13 0 -2
BITMAP
0400
0400
FFE0
0400
7FC0
4440
4440
7FC0
0C00
1500
2480
C460
0000
ENDCHAR
STARTCHAR 0x4D68
ENCODING 26469
SWIDTH 886 0
DWIDTH 12 0
BBX 12 13 0 -2
BITMAP
0400
0400
7FC0
0400
2480
1500
0400
FFE0
0D00
3480
C460
0400
0000
ENDCHAR
STARTCHAR 0x456C
ENCODING 26481
SWIDTH 886 0
DWIDTH 12 0
BBX 12 13 0 -2
BITMAP
0400
0400
FFE0
0400
7FC0
4440
7FC0
4440
7FC0
0D00
3480
C460
0000
ENDCHAR
STARTCHAR 0x4844
ENCODING 26495
SWIDTH 886 0
DWIDTH 12 0
BBX 12 13 0 -2
BITMAP
0000
27E0
2400
F400
27C0
2440
6440
6940
A940
A080
2340
2C20
0000
ENDCHAR
STARTCHAR 0x324C
ENCODING 26524
SWIDTH 886 0
DWIDTH 12 0
BBX 12 13 0 -2
BITMAP
0000
7FC0
4440
7FC0
4440
4440
7FC0
0400
FFE0
0D00
3480
C460
0000
ENDCHAR
STARTCHAR 0x324D
ENCODING 26550
SWIDTH 886 0
DWIDTH 12 0
BBX 12 13 0 -2
BITMAP
2000
21E0
FD20
2520
2520
4520
99E0
0400
FFE0
0D00
3480
C460
0000
ENDCHAR
STARTCHAR 0x436C
ENCODING 26609
SWIDTH 886 0
DWIDTH 12 0
BBX 12 13 0 -2
BITMAP
0100
2080
2000
F7E0
2080
2080
6080
67E0
B080
A080
2080
27E0
0000
ENDCHAR
STARTCHAR 0x3A3A
ENCODING 26619
SWIDTH 886 0
DWIDTH 12 0
BBX 12 13 0 -2
BITMAP
0400
0400
FFE0
0D00
3480
C460
3F80
2080
3F80
2080
2080
FFE0
0000
ENDCHAR
STARTCHAR 0x3149
ENCODING 26628
SWIDTH 886 0
DWIDTH 12 0
BBX 12 13 0 -2
BITMAP
0840
4480
2100
FFE0
8420
0400
7FC0
0400
0D00
3480
C460
0400
0000
ENDCHAR
STARTCHAR 0x3046
ENCODING 26696
SWIDTH 886 0
DWIDTH 12 0
BBX 12 13 0 -2
BITMAP
0400
0400
FFE0
8820
FFE0
1080
1F00
2480
FFE0
0D00
3480
C460
0000
ENDCHAR
STARTCHAR 0x3323
ENCODING 26800
SWIDTH 886 0
DWIDTH 12 0
BBX 12 13 0 -2
BITMAP
0080
20A0
2FE0
F080
2A80
2AA0
7FA0
6AA0
AA40
AA40
20A0
2320
0000
ENDCHAR
STARTCHAR 0x4033
ENCODING 26866
SWIDTH 886 0
DWIDTH 12 0
BBX 12 13 0 -2
BITMAP
0100
2100
2FE0
F120
2FE0
2120
67E0
6200
BFE0
A440
2780
3860
0000
ENDCHAR
STARTCHAR 0x3821
ENCODING 26908
SWIDTH 886 0
DWIDTH 12 0
BBX 12 13 0 -2
BITMAP
0000
2780
2840
FFE0
2100
2FE0
6920
6920
AFE0
A100
2680
3860
0000
ENDCHAR
STARTCHAR 0x3648
ENCODING 26989
SWIDTH 886 0
DWIDTH 12 0
BBX 12 13 0 -2
BITMAP
0A00
2A40
2A80
FFE0
1100
1100
7FC0
0400
FFE0
0D00
3480
C460
0000
ENDCHAR
STARTCHAR 0x393D
ENCODING 27083
SWIDTH 886 0
DWIDTH 12 0
BBX 12 13 0 -2
BITMAP
0480
2480
2FE0
F480
2FE0
2480
6FE0
6920
AFE0
A920
3FE0
2820
0000
ENDCHAR
STARTCHAR 0x4D4D
ENCODING 27096
SWIDTH 886 0
DWIDTH 12 0
BBX 12 13 0 -2
BITMAP
0440
2480
2FE0
F080
27E0
2080
6FE0
6080
B6A0
A2C0
24A0
29A0
0000
ENDCHAR
STARTCHAR 0x4938
ENCODING 27161
SWIDTH 886 0
DWIDTH 12 0
BBX 12 13 0 -2
BITMAP
0000
2FE0
2280
FFE0
2AA0
2FE0
6000
6FE0
A000
AFE0
2540
2B20
0000
ENDCHAR
STARTCHAR 0x3521
ENCODING 27231
SWIDTH 886 0
DWIDTH 12 0
BBX 12 13 0 -2
BITMAP
0100
2520
2940
F5A0
2940
2FE0
6100
6FE0
A480
A6A0
2840
29A0
0000
ENDCHAR
STARTCHAR 0x3C21
ENCODING 27425
SWIDTH 886 0
DWIDTH 12 0
BBX 12 13 0 -2
BITMAP
0400
0400
87E0
4520
0920
0940
0100
0100
4280
4280
8440
9820
0000
ENDCHAR
STARTCHAR 0x3B5F
ENCODING 27490
SWIDTH 886 0
DWIDTH 12 0
BBX 12 13 0 -2
BITMAP
0400
0400
0400
0400
0400
47C0
4400
4400
4400
4400
4400
FFE0
0000
ENDCHAR
STARTCHAR 0x4035
ENCODING 27491
SWIDTH 886 0
DWIDTH 12 0
BBX 12 13 0 -2
BITMAP
0000
FFE0
0400
0400
0400
0400
27C0
2400
2400
2400
2400
FFE0
0000
ENDCHAR
STARTCHAR 0x4970
ENCODING 27494
SWIDTH 886 0
DWIDTH 12 0
BBX 12 13 0 -2
BITMAP
0100
7940
0120
0100
FFE0
1080
1080
5C80
5040
5040
5E20
E020
0000
ENDCHAR
STARTCHAR 0x4A62
ENCODING 27497
SWIDTH 886 0
DWIDTH 12 0
BBX 12 13 0 -2
BITMAP
0400
0400
27C0
2400
2400
FFE0
2480
4440
0C00
00C0
0700
7800
0000
ENDCHAR
STARTCHAR 0x3B44
ENCODING 27531
SWIDTH 886 0
DWIDTH 12 0
BBX 12 13 0 -2
BITMAP
0100
F120
4FE0
4100
77E0
9100
9FE0
5120
2140
2180
4680
9860
0000
ENDCHAR
STARTCHAR 0x434A
ENCODING 27573
SWIDTH 886 0
DWIDTH 12 0
BBX 12 13 0 -2
BITMAP
0000
3780
C480
8480
F4A0
88E0
F000
8FC0
8440
F480
8380
9C60
0000
ENDCHAR
STARTCHAR 0x4B68
ENCODING 27598
SWIDTH 886 0
DWIDTH 12 0
BBX 12 13 0 -2
BITMAP
2000
2000
3FE0
4000
5FC0
1240
1240
FFE0
2440
2440
7FE0
0080
0000
ENDCHAR
STARTCHAR 0x4866
ENCODING 27604
SWIDTH 886 0
DWIDTH 12 0
BBX 12 13 0 -2
BITMAP
0200
4200
4200
4260
7B80
4200
4200
4200
4200
4220
5A20
E3E0
0000
ENDCHAR
STARTCHAR 0x3B61
ENCODING 27663
SWIDTH 886 0
DWIDTH 12 0
BBX 12 13 0 -2
BITMAP
0000
01C0
7E00
4200
4200
4200
7FE0
4100
4100
4080
4C80
F060
0000
ENDCHAR
STARTCHAR 0x4C31
ENCODING 27665
SWIDTH 886 0
DWIDTH 12 0
BBX 12 13 0 -2
BITMAP
0000
7FC0
4040
4040
7FC0
4200
4200
7FE0
4100
4100
4CA0
F060
0000
ENDCHAR
STARTCHAR 0x3524
ENCODING 27671
SWIDTH 886 0
DWIDTH 12 0
BBX 12 13 0 -2
BITMAP
2000
2000
3FE0
4000
5F80
0000
7FC0
0040
3240
0C40
1220
6120
0000
ENDCHAR
STARTCHAR 0x3F65
ENCODING 27700
SWIDTH 886 0
DWIDTH 12 0
BBX 12 13 0 -2
BITMAP
0400
0400
0440
F480
1500
1600
2500
2480
4440
8420
0400
1C00
0000
ENDCHAR
STARTCHAR 0x3561
ENCODING 27714
SWIDTH 886 0
DWIDTH 12 0
BBX 12 13 0 -2
BITMAP
0400
0440
0420
FFC0
0400
4440
2680
0500
0C80
3440
C420
0C00
0000
ENDCHAR
STARTCHAR 0x3768
ENCODING 27770
SWIDTH 886 0
DWIDTH 12 0
BBX 12 13 0 -2
BITMAP
0100
0100
8FE0
4120
0120
8120
4FE0
0100
0100
2280
4440
9820
0000
ENDCHAR
STARTCHAR 0x3C23
ENCODING 27835
SWIDTH 886 0
DWIDTH 12 0
BBX 12 13 0 -2
BITMAP
0200
0200
8420
4820
0FE0
8000
4000
0FE0
0820
2820
4820
8FE0
0000
ENDCHAR
STARTCHAR 0x3168
ENCODING 27839
SWIDTH 886 0
DWIDTH 12 0
BBX 12 13 0 -2
BITMAP
0000
03C0
8040
4440
0420
8820
4800
07E0
0420
2420
4420
87E0
0000
ENDCHAR
STARTCHAR 0x3637
ENCODING 27841
SWIDTH 886 0
DWIDTH 12 0
BBX 12 13 0 -2
BITMAP
0000
0FE0
8820
4820
0820
8FE0
4280
0280
4280
42A0
84A0
98E0
0000
ENDCHAR
STARTCHAR 0x4B21
ENCODING 27861
SWIDTH 886 0
DWIDTH 12 0
BBX 12 13 0 -2
BITMAP
0100
0100
8FE0
4100
0100
8100
4FE0
0200
0440
2440
49A0
8E20
0000
ENDCHAR
STARTCHAR 0x4B22
ENCODING 27873
SWIDTH 886 0
DWIDTH 12 0
BBX 12 13 0 -2
BITMAP
0400
0400
87E0
4820
0FA0
88A0
40A0
07A0
0440
2400
4420
87E0
0000
ENDCHAR
STARTCHAR 0x4075
ENCODING 27973
SWIDTH 886 0
DWIDTH 12 0
BBX 12 13 0 -2
BITMAP
0200
0220
9FE0
4200
0FC0
8200
5FE0
0120
4140
4180
8680
9860
0000
ENDCHAR
STARTCHAR 0x3324
ENCODING 28023
SWIDTH 886 0
DWIDTH 12 0
BBX 12 13 0 -2
BITMAP
0800
0800
8FE0
5000
1FC0
8940
4940
1FE0
5240
5240
9FE0
8080
0000
ENDCHAR
STARTCHAR 0x4E43
ENCODING 28092
SWIDTH 886 0
DWIDTH 12 0
BBX 12 13 0 -2
BITMAP
0100
0100
9FE0
4000
0FC0
8840
4840
0FC0
4100
4940
9120
8300
0000
ENDCHAR
STARTCHAR 0x4338
ENCODING 28129
SWIDTH 886 0
DWIDTH 12 0
BBX 12 13 0 -2
BITMAP
0000
0920
8940
4300
0480
9860
4100
0920
4940
4300
8480
9860
0000
ENDCHAR
STARTCHAR 0x3A2E
ENCODING 28151
SWIDTH 886 0
DWIDTH 12 0
BBX 12 13 0 -2
BITMAP
0000
0FE0
8820
4FE0
0820
8FE0
4880
0880
0EE0
2880
48A0
8EE0
0000
ENDCHAR
STARTCHAR 0x453A
ENCODING 28155
SWIDTH 886 0
DWIDTH 12 0
BBX 12 13 0 -2
BITMAP
0000
1FC0
8200
4200
1FE0
8480
4840
1220
4200
4AA0
92A0
8600
0000
ENDCHAR
STARTCHAR 0x3A51
ENCODING 28168
SWIDTH 886 0
DWIDTH 12 0
BBX 12 13 0 -2
BITMAP
0200
0200
9FE0
4840
0480
8780
5860
0FC0
4840
4FC0
9040
9040
0000
ENDCHAR
STARTCHAR 0x383A
ENCODING 28187
SWIDTH 886 0
DWIDTH 12 0
BBX 12 13 0 -2
BITMAP
0080
00A0
9FE0
5080
1F80
90A0
57A0
1540
5740
5040
A1A0
A620
0000
ENDCHAR
STARTCHAR 0x454F
ENCODING 28193
SWIDTH 886 0
DWIDTH 12 0
BBX 12 13 0 -2
BITMAP
0100
0100
9FE0
5240
1FE0
9240
53C0
1000
57C0
4440
8380
9C60
0000
ENDCHAR
STARTCHAR 0x422C
ENCODING 28204
SWIDTH 886 0
DWIDTH 12 0
BBX 12 13 0 -2
BITMAP
0000
1E20
92A0
5EA0
12A0
9EA0
52A0
12A0
5EA0
4020
9220
A160
0000
ENDCHAR
STARTCHAR 0x3C3E
ENCODING 28287
SWIDTH 886 0
DWIDTH 12 0
BBX 12 13 0 -2
BITMAP
0000
0FC0
8840
4FC0
0840
8FC0
4000
0500
5520
4D40
8500
9FE0
0000
ENDCHAR
STARTCHAR 0x383B
ENCODING 28304
SWIDTH 886 0
DWIDTH 12 0
BBX 12 13 0 -2
BITMAP
0000
0FE0
8880
4BE0
0A20
8BE0
4A20
0A20
53E0
5080
84A0
89A0
0000
ENDCHAR
STARTCHAR 0x3D60
ENCODING 28310
SWIDTH 886 0
DWIDTH 12 0
BBX 12 13 0 -2
BITMAP
0480
4480
2FE0
9900
4FC0
0900
2900
4FE0
8400
FFE0
0400
0400
0000
ENDCHAR
STARTCHAR 0x3169
ENCODING 28436
SWIDTH 886 0
DWIDTH 12 0
BBX 12 13 0 -2
BITMAP
0100
0100
9FE0
5020
0FE0
8100
4FE0
0920
4FE0
4920
8FE0
B020
0000
ENDCHAR
STARTCHAR 0x3763
ENCODING 28608
SWIDTH 886 0
DWIDTH 12 0
BBX 12 13 0 -2
BITMAP
0480
0880
9EE0
52A0
1F20
9220
5EA0
08A0
4E40
5240
82A0
8D20
0000
ENDCHAR
STARTCHAR 0x4025
ENCODING 28716
SWIDTH 886 0
DWIDTH 12 0
BBX 12 13 0 -2
BITMAP
0800
0BE0
BC80
49E0
3F20
A9E0
7F20
09E0
4D20
5BE0
A940
8E20
0000
ENDCHAR
STARTCHAR 0x4540
ENCODING 28857
SWIDTH 886 0
DWIDTH 12 0
BBX 12 13 0 -2
BITMAP
0400
0400
07C0
0400
0400
3F80
2080
2080
3F80
0000
5240
8920
0000
ENDCHAR
STARTCHAR 0x4C35
ENCODING 28961
SWIDTH 886 0
DWIDTH 12 0
BBX 12 13 0 -2
BITMAP
2000
2000
7FE0
AA80
2A80
FFE0
2A80
2A80
FFE0
0000
5240
8920
0000
ENDCHAR
STARTCHAR 0x3E48
ENCODING 29031
SWIDTH 886 0
DWIDTH 12 0
BBX 12 13 0 -2
BITMAP
0000
F7E0
9120
9220
F4C0
9000
97E0
F420
07E0
0000
5240
8920
0000
ENDCHAR
STARTCHAR 0x4A52
ENCODING 29255
SWIDTH 886 0
DWIDTH 12 0
BBX 12 13 0 -2
BITMAP
0200
2200
2200
2200
3FE0
2000
2000
3F80
2080
2080
4080
4080
0000
ENDCHAR
STARTCHAR 0x4A2A
ENCODING 29289
SWIDTH 886 0
DWIDTH 12 0
BBX 12 13 0 -2
BITMAP
0800
A800
AFE0
EAA0
B2A0
A4A0
2520
3920
EA20
2220
2040
2180
0000
ENDCHAR
STARTCHAR 0x4643
ENCODING 29305
SWIDTH 886 0
DWIDTH 12 0
BBX 12 13 0 -2
BITMAP
0100
A100
AFE0
F100
A100
AFE0
2040
3FE0
E040
2440
2240
20C0
0000
ENDCHAR
STARTCHAR 0x3E75
ENCODING 29366
SWIDTH 886 0
DWIDTH 12 0
BBX 12 13 0 -2
BITMAP
0100
2140
2120
A100
6FE0
2100
2100
2100
6280
A280
2440
3820
0000
ENDCHAR
STARTCHAR 0x3226
ENCODING 29579
SWIDTH 886 0
DWIDTH 12 0
BBX 12 13 0 -2
BITMAP
0000
FFE0
0400
0400
0400
0400
7FC0
0400
0400
0400
0400
FFE0
0000
ENDCHAR
STARTCHAR 0x383D
ENCODING 29694
SWIDTH 886 0
DWIDTH 12 0
BBX 12 13 0 -2
BITMAP
0000
07E0
F420
27E0
2420
27E0
F420
2420
27E0
3280
C4A0
18E0
0000
ENDCHAR
STARTCHAR 0x4D7D
ENCODING 29702
SWIDTH 886 0
DWIDTH 12 0
BBX 12 13 0 -2
BITMAP
0000
0FE0
E920
4FE0
4920
4920
EFE0
4100
4FE0
4100
E100
0FE0
0000
ENDCHAR
STARTCHAR 0x4038
ENCODING 29983
SWIDTH 886 0
DWIDTH 12 0
BBX 12 13 0 -2
BITMAP
0400
4400
4400
7FC0
4400
8400
8400
3FC0
0400
0400
0400
FFE0
0000
ENDCHAR
STARTCHAR 0x4D51
ENCODING 29992
SWIDTH 886 0
DWIDTH 12 0
BBX 12 13 0 -2
BITMAP
0000
7FE0
4420
4420
7FE0
4420
4420
7FE0
4420
4420
8420
84E0
0000
ENDCHAR
STARTCHAR 0x4D33
ENCODING 30001
SWIDTH 886 0
DWIDTH 12 0
BBX 12 13 0 -2
BITMAP
0400
0400
0400
7FE0
4420
4420
4420
7FE0
4420
4420
4420
7FE0
0000
ENDCHAR
STARTCHAR 0x3F3D
ENCODING 30003
SWIDTH 886 0
DWIDTH 12 0
BBX 12 13 0 -2
BITMAP
0400
0400
7FE0
4420
4420
7FE0
4420
4420
7FE0
0400
0400
0400
0000
ENDCHAR
STARTCHAR 0x3268
ENCODING 30011
SWIDTH 886 0
DWIDTH 12 0
BBX 12 13 0 -2
BITMAP
0000
FFE0
0400
3F80
2480
A4A0
BFA0
A4A0
A4A0
BFA0
8020
FFE0
0000
ENDCHAR
STARTCHAR 0x4E2C
ENCODING 30053
SWIDTH 886 0
DWIDTH 12 0
BBX 12 13 0 -2
BITMAP
0200
0200
FBE0
AC20
AA40
A980
FA40
AC20
ABE0
AA20
FA20
03E0
0000
ENDCHAR
STARTCHAR 0x4856
ENCODING 30058
SWIDTH 886 0
DWIDTH 12 0
BBX 12 13 0 -2
BITMAP
0000
7FC0
2480
1500
FFE0
1480
2440
FFA0
2480
3F80
2480
3F80
0000
ENDCHAR
STARTCHAR 0x305B
ENCODING 30064
SWIDTH 886 0
DWIDTH 12 0
BBX 12 13 0 -2
BITMAP
0000
7FC0
4440
7FC0
4440
7FC0
1100
FFE0
1100
FFE0
2080
4040
0000
ENDCHAR
STARTCHAR 0x4868
ENCODING 30130
SWIDTH 886 0
DWIDTH 12 0
BBX 12 13 0 -2
BITMAP
0200
0200
7FE0
4100
DFE0
5120
5100
DFC0
5440
5440
A380
AC60
0000
ENDCHAR
STARTCHAR 0x482F
ENCODING 30330
SWIDTH 886 0
DWIDTH 12 0
BBX 12 13 0 -2
BITMAP
0000
7A40
0A80
8920
5140
3F80
5260
9200
7FC0
1200
2220
C3E0
0000
ENDCHAR
STARTCHAR 0x4550
ENCODING 30331
SWIDTH 886 0
DWIDTH 12 0
BBX 12 13 0 -2
BITMAP
0000
7A40
0A80
8920
5140
3F80
4060
BF80
2080
3F80
1100
FFE0
0000
ENDCHAR
STARTCHAR 0x4772
ENCODING 30333
SWIDTH 886 0
DWIDTH 12 0
BBX 12 13 0 -2
BITMAP
0200
0400
0800
7FC0
4040
4040
4040
7FC0
4040
4040
4040
7FC0
0000
ENDCHAR
STARTCHAR 0x452A
ENCODING 30340
SWIDTH 886 0
DWIDTH 12 0
BBX 12 13 0 -2
BITMAP
0200
4200
43E0
F420
9420
9020
F220
9120
9020
9020
F040
0180
0000
ENDCHAR
STARTCHAR 0x4C5C
ENCODING 30446
SWIDTH 886 0
DWIDTH 12 0
BBX 12 13 0 -2
BITMAP
0000
3FC0
2040
2040
3FC0
2040
2040
3FC0
2040
2040
2040
3FC0
0000
ENDCHAR
STARTCHAR 0x443E
ENCODING 30452
SWIDTH 886 0
DWIDTH 12 0
BBX 12 13 0 -2
BITMAP
0200
0200
FFE0
0200
0FC0
4840
4FC0
4840
4840
4FC0
4000
7FE0
0000
ENDCHAR
STARTCHAR 0x416A
ENCODING 30456
SWIDTH 886 0
DWIDTH 12 0
BBX 12 13 0 -2
BITMAP
0000
27E0
2420
F420
27E0
2420
6420
67E0
B420
A420
2420
27E0
0000
ENDCHAR
STARTCHAR 0x3E4A
ENCODING 30465
SWIDTH 886 0
DWIDTH 12 0
BBX 12 13 0 -2
BITMAP
0400
0400
2440
2420
4D00
0200
0FC0
3040
DFC0
1040
1040
1FC0
0000
ENDCHAR
STARTCHAR 0x3447
ENCODING 30475
SWIDTH 886 0
DWIDTH 12 0
BBX 12 13 0 -2
BITMAP
0000
7FE0
0400
3FC0
0400
FFE0
0800
1FC0
3040
DFC0
1040
1FC0
0000
ENDCHAR
STARTCHAR 0x3F3F
ENCODING 30495
SWIDTH 886 0
DWIDTH 12 0
BBX 12 13 0 -2
BITMAP
0400
0400
FFE0
0400
3F80
2080
3F80
2080
FFE0
0000
3180
C060
0000
ENDCHAR
STARTCHAR 0x3463
ENCODING 30524
SWIDTH 886 0
DWIDTH 12 0
BBX 12 13 0 -2
BITMAP
0000
07E0
F420
97E0
F420
9420
97E0
F500
9520
94A0
F440
0720
0000
ENDCHAR
STARTCHAR 0x4365
ENCODING 30528
SWIDTH 886 0
DWIDTH 12 0
BBX 12 13 0 -2
BITMAP
1080
1100
FFE0
0400
7FC0
0400
FFE0
1080
3F80
D080
1080
1F80
0000
ENDCHAR
STARTCHAR 0x4E46
ENCODING 30637
SWIDTH 886 0
DWIDTH 12 0
BBX 12 13 0 -2
BITMAP
0100
0100
FFE0
AA40
E7E0
A420
AFE0
F420
A7E0
A100
E940
1320
0000
ENDCHAR
STARTCHAR 0x434E
ENCODING 30693
SWIDTH 886 0
DWIDTH 12 0
BBX 12 13 0 -2
BITMAP
4000
4000
7DE0
9120
9120
1120
FF20
1120
1120
2920
45E0
8200
0000
ENDCHAR
STARTCHAR 0x433B
ENCODING 30701
SWIDTH 886 0
DWIDTH 12 0
BBX 12 13 0 -2
BITMAP
0000
87E0
F800
A000
27E0
FC20
2420
27E0
5240
5240
9080
87E0
0000
ENDCHAR
STARTCHAR 0x474B
ENCODING 30772
SWIDTH 886 0
DWIDTH 12 0
BBX 12 13 0 -2
BITMAP
0080
0080
F7E0
24A0
2480
27E0
7420
D520
5540
58C0
5120
7620
0000
ENDCHAR
STARTCHAR 0x334E
ENCODING 30906
SWIDTH 886 0
DWIDTH 12 0
BBX 12 13 0 -2
BITMAP
0100
0100
FFE0
2A20
2280
27E0
7C80
D480
57E0
5480
5480
77E0
0000
ENDCHAR
STARTCHAR 0x3C28
ENCODING 31034
SWIDTH 886 0
DWIDTH 12 0
BBX 12 13 0 -2
BITMAP
0000
7FC0
0000
0000
0000
FFE0
0400
0400
2480
4440
8420
0C00
0000
ENDCHAR
STARTCHAR 0x493C
ENCODING 31080
SWIDTH 886 0
DWIDTH 12 0
BBX 12 13 0 -2
BITMAP
0000
FFE0
0A00
7FC0
4A40
7FC0
0000
7FC0
0000
FFE0
2480
4C40
0000
ENDCHAR
STARTCHAR 0x3B64
ENCODING 31169
SWIDTH 886 0
DWIDTH 12 0
BBX 12 13 0 -2
BITMAP
0000
1900
E100
2100
2100
FA00
2200
6240
7440
A440
A8A0
2F20
0000
ENDCHAR
STARTCHAR 0x3E4E
ENCODING 31216
SWIDTH 886 0
DWIDTH 12 0
BBX 12 13 0 -2
BITMAP
0200
1A00
E3E0
2480
2480
F080
22C0
64A0
68A0
A080
A080
2380
0000
ENDCHAR
STARTCHAR 0x4047
ENCODING 31246
SWIDTH 886 0
DWIDTH 12 0
BBX 12 13 0 -2
BITMAP
0440
1A40
E080
27E0
2420
FC20
27E0
6280
7280
A280
A4A0
38E0
0000
ENDCHAR
STARTCHAR 0x3C6F
ENCODING 31278
SWIDTH 886 0
DWIDTH 12 0
BBX 12 13 0 -2
BITMAP
0000
1FE0
E100
2FE0
2920
FFE0
2920
6FE0
6100
AFE0
A100
2FE0
0000
ENDCHAR
STARTCHAR 0x323A
ENCODING 31311
SWIDTH 886 0
DWIDTH 12 0
BBX 12 13 0 -2
BITMAP
0000
1FE0
E520
2540
2FE0
F020
2FE0
6020
6FE0
A500
B440
27A0
0000
ENDCHAR
STARTCHAR 0x3675
ENCODING 31354
SWIDTH 886 0
DWIDTH 12 0
BBX 12 13 0 -2
BITMAP
0400
0400
FFE0
8A20
8A20
1200
63C0
0000
3F80
0400
0400
FFE0
0000
ENDCHAR
STARTCHAR 0x416B
ENCODING 31379
SWIDTH 886 0
DWIDTH 12 0
BBX 12 13 0 -2
BITMAP
0400
0400
FFE0
9220
A220
49C0
1000
3F80
0400
1240
5020
8F80
0000
ENDCHAR
STARTCHAR 0x4E29
ENCODING 31435
SWIDTH 886 0
DWIDTH 12 0
BBX 12 13 0 -2
BITMAP
0400
0400
0400
FFE0
0000
1080
1080
1080
1100
1100
0100
FFE0
0000
ENDCHAR
STARTCHAR 0x4268
ENCODING 31532
SWIDTH 886 0
DWIDTH 12 0
BBX 12 13 0 -2
BITMAP
0200
4200
7BE0
A480
7FC0
0440
7FC0
4400
7FE0
1420
2420
C4C0
0000
ENDCHAR
STARTCHAR 0x457B
ENCODING 31570
SWIDTH 886 0
DWIDTH 12 0
BBX 12 13 0 -2
BITMAP
0200
4200
7BE0
A480
0000
FFE0
8020
9F20
8020
9F20
9120
9F60
0000
ENDCHAR
STARTCHAR 0x457A
ENCODING 31572
SWIDTH 886 0
DWIDTH 12 0
BBX 12 13 0 -2
BITMAP
0200
4200
7BE0
A480
0000
1F00
2080
5F40
8020
3F80
2080
3F80
0000
ENDCHAR
STARTCHAR 0x3255
ENCODING 31623
SWIDTH 886 0
DWIDTH 12 0
BBX 12 13 0 -2
BITMAP
0200
4200
7BE0
A480
0000
FFE0
8420
BFA0
8420
9F20
9120
FFE0
0000
ENDCHAR
STARTCHAR 0x3449
ENCODING 31649
SWIDTH 886 0
DWIDTH 12 0
BBX 12 13 0 -2
BITMAP
0200
4200
7BE0
A480
0400
FFE0
9120
9F20
1000
1F80
1080
1F80
0000
ENDCHAR
STARTCHAR 0x484F
ENCODING 31684
SWIDTH 886 0
DWIDTH 12 0
BBX 12 13 0 -2
BITMAP
4200
4200
7BE0
9480
FDE0
A520
FD20
A520
FD60
2100
FD20
21E0
0000
ENDCHAR
STARTCHAR 0x344A
ENCODING 31777
SWIDTH 886 0
DWIDTH 12 0
BBX 12 13 0 -2
BITMAP
4200
4200
7BE0
A480
FBE0
8A20
FBE0
8E20
F1E0
9F20
9120
9F60
0000
ENDCHAR
STARTCHAR 0x4A6D
ENCODING 31807
SWIDTH 886 0
DWIDTH 12 0
BBX 12 13 0 -2
BITMAP
0200
4200
7BE0
A480
1FE0
5240
3FC0
9240
5FE0
0040
4840
84C0
0000
ENDCHAR
STARTCHAR 0x374F
ENCODING 31995
SWIDTH 886 0
DWIDTH 12 0
BBX 12 13 0 -2
BITMAP
0000
7FC0
0800
1100
2200
1480
0840
FFE0
0400
2480
4440
8420
0000
ENDCHAR
STARTCHAR 0x4C73
ENCODING 32004
SWIDTH 886 0
DWIDTH 12 0
BBX 12 13 0 -2
BITMAP
0400
2400
47E0
8420
E820
2820
4220
F120
2020
A820
A840
2180
0000
ENDCHAR
STARTCHAR 0x473C
ENCODING 32013
SWIDTH 886 0
DWIDTH 12 0
BBX 12 13 0 -2
BITMAP
0100
2100
4100
8FE0
E920
2920
4920
FAA0
2C60
A820
A820
2860
0000
ENDCHAR
STARTCHAR 0x3A77
ENCODING 32034
SWIDTH 886 0
DWIDTH 12 0
BBX 12 13 0 -2
BITMAP
0400
0400
7FC0
0400
FFE0
8920
9220
2440
7FC0
0400
4440
8420
0000
ENDCHAR
STARTCHAR 0x3A59
ENCODING 32048
SWIDTH 886 0
DWIDTH 12 0
BBX 12 13 0 -2
BITMAP
0000
27E0
4520
9520
F520
2520
47E0
FD20
2520
B520
A520
27E0
0000
ENDCHAR
STARTCHAR 0x3D2A
ENCODING 32066
SWIDTH 886 0
DWIDTH 12 0
BBX 12 13 0 -2
BITMAP
0200
2200
43E0
8420
EA40
2180
4660
F100
20C0
AC00
A300
20E0
0000
ENDCHAR
STARTCHAR 0x3750
ENCODING 32076
SWIDTH 886 0
DWIDTH 12 0
BBX 12 13 0 -2
BITMAP
0000
27E0
4020
9240
F180
2660
4100
F100
27E0
B100
A100
2FE0
0000
ENDCHAR
STARTCHAR 0x376B
ENCODING 32080
SWIDTH 886 0
DWIDTH 12 0
BBX 12 13 0 -2
BITMAP
0080
2080
47E0
9080
F080
27E0
4000
F800
23E0
AA20
AA20
23E0
0000
ENDCHAR
STARTCHAR 0x4D6D
ENCODING 32097
SWIDTH 886 0
DWIDTH 12 0
BBX 12 13 0 -2
BITMAP
0200
2200
43E0
8420
EA40
2180
4240
F420
2FE0
A420
A420
27E0
0000
ENDCHAR
STARTCHAR 0x356B
ENCODING 32102
SWIDTH 886 0
DWIDTH 12 0
BBX 12 13 0 -2
BITMAP
0000
21C0
4220
9400
F000
23E0
4800
F800
23E0
AA20
AA20
23E0
0000
ENDCHAR
STARTCHAR 0x3751
ENCODING 32153
SWIDTH 886 0
DWIDTH 12 0
BBX 12 13 0 -2
BITMAP
0000
2480
44A0
96C0
F480
27E0
4480
FCC0
25A0
B680
A480
27E0
0000
ENDCHAR
STARTCHAR 0x4233
ENCODING 32154
SWIDTH 886 0
DWIDTH 12 0
BBX 12 13 0 -2
BITMAP
0100
2100
4FE0
8100
E7E0
2000
4FE0
F820
2280
A280
A4A0
38E0
0000
ENDCHAR
STARTCHAR 0x365B
ENCODING 32202
SWIDTH 886 0
DWIDTH 12 0
BBX 12 13 0 -2
BITMAP
0000
FBE0
A020
F940
8980
FE60
8900
1240
FFE0
0400
2480
C460
0000
ENDCHAR
STARTCHAR 0x416D
ENCODING 32207
SWIDTH 886 0
DWIDTH 12 0
BBX 12 13 0 -2
BITMAP
0000
25C0
4440
8840
EA20
2420
4780
F000
2200
A940
A820
2780
0000
ENDCHAR
STARTCHAR 0x3D6F
ENCODING 32210
SWIDTH 886 0
DWIDTH 12 0
BBX 12 13 0 -2
BITMAP
0100
2100
47E0
9120
F140
27E0
4900
FBE0
2620
ABE0
AA20
23E0
0000
ENDCHAR
STARTCHAR 0x477B
ENCODING 32283
SWIDTH 886 0
DWIDTH 12 0
BBX 12 13 0 -2
BITMAP
0100
2120
5FE0
8100
EFE0
2920
4FE0
E920
3FE0
A040
A440
22C0
0000
ENDCHAR
STARTCHAR 0x4136
ENCODING 32341
SWIDTH 886 0
DWIDTH 12 0
BBX 12 13 0 -2
BITMAP
0440
2480
4FE0
8100
EFE0
2100
4FE0
E540
3FE0
A440
A440
27C0
0000
ENDCHAR
STARTCHAR 0x372B
ENCODING 32368
SWIDTH 886 0
DWIDTH 12 0
BBX 12 13 0 -2
BITMAP
0000
27C0
4440
8FE0
EAA0
2AA0
4EE0
F100
2FE0
A300
A540
2920
0000
ENDCHAR
STARTCHAR 0x3D70
ENCODING 32626
SWIDTH 886 0
DWIDTH 12 0
BBX 12 13 0 -2
BITMAP
0000
7FE0
4920
7FE0
0820
7FC0
0880
FFE0
1040
3FC0
D040
1FC0
0000
ENDCHAR
STARTCHAR 0x394D
ENCODING 32771
SWIDTH 886 0
DWIDTH 12 0
BBX 12 13 0 -2
BITMAP
0400
0400
7FC0
0480
0500
FFE0
0800
3FC0
D000
1FC0
0040
0380
0000
ENDCHAR
STARTCHAR 0x3C54
ENCODING 32773
SWIDTH 886 0
DWIDTH 12 0
BBX 12 13 0 -2
BITMAP
0400
0400
7FE0
0440
0480
FFE0
0800
1FC0
3040
DFC0
1040
1FC0
0000
ENDCHAR
STARTCHAR 0x4A39
ENCODING 32862
SWIDTH 886 0
DWIDTH 12 0
BBX 12 13 0 -2
BITMAP
0000
FBE0
8A20
FBE0
8A20
FFE0
9120
9F20
9120
9F20
B120
8160
0000
ENDCHAR
STARTCHAR 0x4430
ENCODING 32884
SWIDTH 886 0
DWIDTH 12 0
BBX 12 13 0 -2
BITMAP
0100
F100
AFE0
E100
AFE0
AAA0
EAA0
AFE0
A200
E940
A820
2780
0000
ENDCHAR
STARTCHAR 0x3F26
ENCODING 32887
SWIDTH 886 0
DWIDTH 12 0
BBX 12 13 0 -2
BITMAP
0480
F4A0
AFA0
EA80
AAE0
BF80
E0A0
AEA0
AA40
EE40
AAA0
2F20
0000
ENDCHAR
STARTCHAR 0x4758
ENCODING 32972
SWIDTH 886 0
DWIDTH 12 0
BBX 12 13 0 -2
BITMAP
1200
1260
F380
1200
1220
FFE0
2040
3FC0
2040
3FC0
2040
20C0
0000
ENDCHAR
STARTCHAR 0x363C
ENCODING 33029
SWIDTH 886 0
DWIDTH 12 0
BBX 12 13 0 -2
BITMAP
0400
3F80
0880
1080
FBE0
2920
4A60
BFC0
2040
3FC0
2040
20C0
0000
ENDCHAR
STARTCHAR 0x4326
ENCODING 33073
SWIDTH 886 0
DWIDTH 12 0
BBX 12 13 0 -2
BITMAP
0440
F240
9080
97E0
F420
9420
97E0
F280
9280
9280
94A0
B8E0
0000
ENDCHAR
STARTCHAR 0x4F53
ENCODING 33109
SWIDTH 886 0
DWIDTH 12 0
BBX 12 13 0 -2
BITMAP
0100
E100
BFE0
A820
EEE0
AAA0
AAA0
EAA0
B6E0
A280
A4A0
B8E0
0000
ENDCHAR
STARTCHAR 0x3C2B
ENCODING 33258
SWIDTH 886 0
DWIDTH 12 0
BBX 12 13 0 -2
BITMAP
0200
0400
3FC0
2040
2040
3FC0
2040
2040
3FC0
2040
2040
3FC0
0000
ENDCHAR
STARTCHAR 0x3C4B
ENCODING 33294
SWIDTH 886 0
DWIDTH 12 0
BBX 12 13 0 -2
BITMAP
0000
0E00
3180
C460
3F80
0400
FFE0
0000
3F80
2080
2080
3F80
0000
ENDCHAR
STARTCHAR 0x3C47
ENCODING 33437
SWIDTH 886 0
DWIDTH 12 0
BBX 12 13 0 -2
BITMAP
1100
1100
FFE0
1100
0400
0400
7FC0
0080
4100
4600
B800
87E0
0000
ENDCHAR
STARTCHAR 0x366C
ENCODING 33510
SWIDTH 886 0
DWIDTH 12 0
BBX 12 13 0 -2
BITMAP
1100
1100
FFE0
1100
0400
FFE0
0400
0400
7FC0
4040
4040
7FC0
0000
ENDCHAR
STARTCHAR 0x3151
ENCODING 33521
SWIDTH 886 0
DWIDTH 12 0
BBX 12 13 0 -2
BITMAP
1100
1100
FFE0
1500
0400
3F80
2480
2480
FFE0
0A00
3180
C060
0000
ENDCHAR
STARTCHAR 0x4170
ENCODING 33609
SWIDTH 886 0
DWIDTH 12 0
BBX 12 13 0 -2
BITMAP
1100
1100
FFE0
1100
3F80
2080
3F80
2080
3F80
0400
FFE0
0400
0000
ENDCHAR
STARTCHAR 0x3259
ENCODING 33655
SWIDTH 886 0
DWIDTH 12 0
BBX 12 13 0 -2
BITMAP
1100
1100
FFE0
1100
2000
7FE0
C040
4E40
4A40
4A40
4E40
40C0
0000
ENDCHAR
STARTCHAR 0x325A
ENCODING 33775
SWIDTH 886 0
DWIDTH 12 0
BBX 12 13 0 -2
BITMAP
1100
1100
FFE0
1100
7FC0
2480
FFE0
2480
7FC0
0400
FFE0
0400
0000
ENDCHAR
STARTCHAR 0x4D6E
ENCODING 33853
SWIDTH 886 0
DWIDTH 12 0
BBX 12 13 0 -2
BITMAP
1100
1100
FFE0
1100
47C0
2840
8480
4780
0860
1FC0
4840
8FC0
0000
ENDCHAR
STARTCHAR 0x4D55
ENCODING 33865
SWIDTH 886 0
DWIDTH 12 0
BBX 12 13 0 -2
BITMAP
1100
1100
FFE0
2480
7FC0
2480
2780
2000
FFE0
0D00
3480
C460
0000
ENDCHAR
STARTCHAR 0x3C58
ENCODING 34503
SWIDTH 886 0
DWIDTH 12 0
BBX 12 13 0 -2
BITMAP
0100
2100
2FE0
F820
AA20
AA00
AA60
FB80
2200
2A20
2A20
FBE0
0000
ENDCHAR
STARTCHAR 0x3954
ENCODING 34892
SWIDTH 886 0
DWIDTH 12 0
BBX 12 13 0 -2
BITMAP
0000
27C0
4000
8000
0000
2FE0
4080
C080
4080
4080
4080
4380
0000
ENDCHAR
STARTCHAR 0x493D
ENCODING 34920
SWIDTH 886 0
DWIDTH 12 0
BBX 12 13 0 -2
BITMAP
0400
0400
FFE0
0400
7FC0
0400
FFE0
0A00
3220
D140
1080
7C60
0000
ENDCHAR
STARTCHAR 0x3F6A
ENCODING 34928
SWIDTH 886 0
DWIDTH 12 0
BBX 12 13 0 -2
BITMAP
0400
0400
FFE0
0000
3F80
2080
FFE0
2080
3FA0
1240
E180
3C60
0000
ENDCHAR
STARTCHAR 0x486F
ENCODING 34987
SWIDTH 886 0
DWIDTH 12 0
BBX 12 13 0 -2
BITMAP
0100
4100
4FE0
E920
2900
2FC0
4840
6A40
D140
5080
4340
4C20
0000
ENDCHAR
STARTCHAR 0x4175
ENCODING 35013
SWIDTH 886 0
DWIDTH 12 0
BBX 12 13 0 -2
BITMAP
0100
9100
57E0
1100
5100
97E0
0000
FFE0
1440
E240
2180
7C60
0000
ENDCHAR
STARTCHAR 0x4A64
ENCODING 35036
SWIDTH 886 0
DWIDTH 12 0
BBX 12 13 0 -2
BITMAP
0100
4120
4FE0
F100
1FE0
2920
4FE0
C920
6FE0
4920
4920
4960
0000
ENDCHAR
STARTCHAR 0x4D57
ENCODING 35201
SWIDTH 886 0
DWIDTH 12 0
BBX 12 13 0 -2
BITMAP
0000
FFE0
0A00
7FC0
4A40
4A40
7FC0
0800
FFE0
1080
1F00
60C0
0000
ENDCHAR
STARTCHAR 0x382B
ENCODING 35211
SWIDTH 886 0
DWIDTH 12 0
BBX 12 13 0 -2
BITMAP
0000
3F80
2080
3F80
2080
3F80
2080
2080
3F80
1220
2220
C3E0
0000
ENDCHAR
STARTCHAR 0x3451
ENCODING 35251
SWIDTH 886 0
DWIDTH 12 0
BBX 12 13 0 -2
BITMAP
4000
43E0
7E20
A3E0
FE20
53E0
7E20
D3E0
7940
5140
5240
7C60
0000
ENDCHAR
STARTCHAR 0x3272
ENCODING 35299
SWIDTH 886 0
DWIDTH 12 0
BBX 12 13 0 -2
BITMAP
0000
77E0
9120
2220
FCC0
AA80
FBE0
AA80
AC80
FBE0
8880
9880
0000
ENDCHAR
STARTCHAR 0x3F28
ENCODING 35302
SWIDTH 886 0
DWIDTH 12 0
BBX 12 13 0 -2
BITMAP
0080
7080
9080
27E0
FCA0
A4A0
FCA0
A7E0
A480
FCA0
84A0
8FE0
0000
ENDCHAR
STARTCHAR 0x3840
ENCODING 35328
SWIDTH 886 0
DWIDTH 12 0
BBX 12 13 0 -2
BITMAP
0000
3F80
0000
FFE0
0000
3F80
0000
0000
3F80
2080
2080
3F80
0000
ENDCHAR
STARTCHAR 0x3757
ENCODING 35336
SWIDTH 886 0
DWIDTH 12 0
BBX 12 13 0 -2
BITMAP
0080
F080
0080
F080
07E0
F080
0080
0080
F080
9080
9080
F080
0000
ENDCHAR
STARTCHAR 0x4624
ENCODING 35342
SWIDTH 886 0
DWIDTH 12 0
BBX 12 13 0 -2
BITMAP
0040
F040
0040
F7E0
0040
F040
0440
0240
F040
9040
9040
F1C0
0000
ENDCHAR
STARTCHAR 0x352D
ENCODING 35352
SWIDTH 886 0
DWIDTH 12 0
BBX 12 13 0 -2
BITMAP
0000
F7E0
0020
F020
0020
F7E0
0400
0400
F400
9420
9420
F7E0
0000
ENDCHAR
STARTCHAR 0x4B2C
ENCODING 35370
SWIDTH 886 0
DWIDTH 12 0
BBX 12 13 0 -2
BITMAP
0100
F100
0FE0
F100
0100
F1E0
0220
0220
F420
9420
9040
F180
0000
ENDCHAR
STARTCHAR 0x405F
ENCODING 35373
SWIDTH 886 0
DWIDTH 12 0
BBX 12 13 0 -2
BITMAP
0000
E780
0480
E480
04A0
E8E0
0000
0FC0
E440
A480
A380
EC60
0000
ENDCHAR
STARTCHAR 0x3576
ENCODING 35377
SWIDTH 886 0
DWIDTH 12 0
BBX 12 13 0 -2
BITMAP
0200
F200
03E0
F480
0480
F080
0080
07E0
F080
9080
9080
F080
0000
ENDCHAR
STARTCHAR 0x3E5A
ENCODING 35388
SWIDTH 886 0
DWIDTH 12 0
BBX 12 13 0 -2
BITMAP
0000
EFE0
0100
E100
0100
E500
05E0
0500
E500
A500
A500
EFE0
0000
ENDCHAR
STARTCHAR 0x3B6C
ENCODING 35422
SWIDTH 886 0
DWIDTH 12 0
BBX 12 13 0 -2
BITMAP
0000
EFE0
0020
E020
0F20
E020
0F20
0920
E920
AF20
A020
E060
0000
ENDCHAR
STARTCHAR 0x3B6E
ENCODING 35430
SWIDTH 886 0
DWIDTH 12 0
BBX 12 13 0 -2
BITMAP
0100
E120
0120
EFE0
0080
E080
0F80
0440
E440
A440
AF20
E020
0000
ENDCHAR
STARTCHAR 0x4F43
ENCODING 35441
SWIDTH 886 0
DWIDTH 12 0
BBX 12 13 0 -2
BITMAP
0000
F060
0780
F080
0080
F7E0
0080
0080
F7E0
9420
9420
F7E0
0000
ENDCHAR
STARTCHAR 0x3E5C
ENCODING 35443
SWIDTH 886 0
DWIDTH 12 0
BBX 12 13 0 -2
BITMAP
0840
E440
0080
EFE0
0100
E100
07E0
0100
E100
AFE0
A100
E100
0000
ENDCHAR
STARTCHAR 0x4727
ENCODING 35469
SWIDTH 886 0
DWIDTH 12 0
BBX 12 13 0 -2
BITMAP
0000
EFE0
0120
E520
0220
E520
08C0
0000
E200
A940
A820
E780
0000
ENDCHAR
STARTCHAR 0x4D36
ENCODING 35480
SWIDTH 886 0
DWIDTH 12 0
BBX 12 13 0 -2
BITMAP
0000
EFE0
0100
EFE0
0300
ED40
0120
0FC0
E240
A260
A420
F8C0
0000
ENDCHAR
STARTCHAR 0x386C
ENCODING 35486
SWIDTH 886 0
DWIDTH 12 0
BBX 12 13 0 -2
BITMAP
0000
F7E0
0100
F7E0
0220
F220
07E0
0000
F7E0
9420
9420
F7E0
0000
ENDCHAR
STARTCHAR 0x4062
ENCODING 35500
SWIDTH 886 0
DWIDTH 12 0
BBX 12 13 0 -2
BITMAP
0440
F240
0080
F7E0
0420
F420
07E0
0280
F280
9280
94A0
F8E0
0000
ENDCHAR
STARTCHAR 0x4649
ENCODING 35501
SWIDTH 886 0
DWIDTH 12 0
BBX 12 13 0 -2
BITMAP
0100
E100
0FE0
E100
07E0
E000
0FE0
0820
E280
A280
A4A0
F8E0
0000
ENDCHAR
STARTCHAR 0x325D
ENCODING 35506
SWIDTH 886 0
DWIDTH 12 0
BBX 12 13 0 -2
BITMAP
0000
EFE0
0920
EFE0
0920
E920
0FE0
0100
EFE0
A300
A540
F920
0000
ENDCHAR
STARTCHAR 0x4434
ENCODING 35519
SWIDTH 886 0
DWIDTH 12 0
BBX 12 13 0 -2
BITMAP
0000
EFE0
0920
E920
0BA0
E920
0BA0
0820
EBA0
AAA0
ABA0
E860
0000
ENDCHAR
STARTCHAR 0x434C
ENCODING 35527
SWIDTH 886 0
DWIDTH 12 0
BBX 12 13 0 -2
BITMAP
0000
E920
0940
E100
0280
EC60
0100
0920
E940
A300
A480
F860
0000
ENDCHAR
STARTCHAR 0x4041
ENCODING 35531
SWIDTH 886 0
DWIDTH 12 0
BBX 12 13 0 -2
BITMAP
0080
E080
07E0
E080
07E0
E080
0FE0
0420
E7E0
A420
A7E0
E420
0000
ENDCHAR
STARTCHAR 0x3E5D
ENCODING 35937
SWIDTH 886 0
DWIDTH 12 0
BBX 12 13 0 -2
BITMAP
0000
3F00
4200
FFC0
4440
4440
7FC0
1480
6500
1A80
E260
0C00
0000
ENDCHAR
STARTCHAR 0x325F
ENCODING 36008
SWIDTH 886 0
DWIDTH 12 0
BBX 12 13 0 -2
BITMAP
0200
1260
2380
E220
3FE0
2080
3F80
2080
3F80
2080
3F80
C060
0000
ENDCHAR
STARTCHAR 0x3B71
ENCODING 36039
SWIDTH 886 0
DWIDTH 12 0
BBX 12 13 0 -2
BITMAP
0400
4400
27E0
0920
1280
4440
BFA0
2080
3F80
2080
3F80
C060
0000
ENDCHAR
STARTCHAR 0x3C41
ENCODING 36074
SWIDTH 886 0
DWIDTH 12 0
BBX 12 13 0 -2
BITMAP
0000
7BC0
4200
7FE0
9240
9240
3F80
2080
3F80
2080
3F80
C060
0000
ENDCHAR
STARTCHAR 0x422D
ENCODING 36275
SWIDTH 886 0
DWIDTH 12 0
BBX 12 13 0 -2
BITMAP
0000
3FC0
2040
2040
3FC0
0400
0400
27C0
2400
2400
3C00
C3E0
0000
ENDCHAR
STARTCHAR 0x3577
ENCODING 36317
SWIDTH 886 0
DWIDTH 12 0
BBX 12 13 0 -2
BITMAP
0000
FBE0
8A00
8A00
FBE0
2220
2220
BBE0
A200
A200
A200
FBE0
0000
ENDCHAR
STARTCHAR 0x4F29
ENCODING 36335
SWIDTH 886 0
DWIDTH 12 0
BBX 12 13 0 -2
BITMAP
0200
F200
93E0
9420
FA40
2180
2240
B420
A3E0
A220
A220
FBE0
0000
ENDCHAR
STARTCHAR 0x4627
ENCODING 36367
SWIDTH 886 0
DWIDTH 12 0
BBX 12 13 0 -2
BITMAP
0080
F080
9EA0
92C0
F4A0
29A0
2000
B7E0
A420
A7E0
A420
F7E0
0000
ENDCHAR
STARTCHAR 0x3F48
ENCODING 36523
SWIDTH 886 0
DWIDTH 12 0
BBX 12 13 0 -2
BITMAP
0400
0800
3F80
2080
3F80
20A0
3FC0
2080
FF80
0880
3080
C380
0000
ENDCHAR
STARTCHAR 0x3733
ENCODING 36557
SWIDTH 886 0
DWIDTH 12 0
BBX 12 13 0 -2
BITMAP
0000
FFE0
8420
FFE0
2480
3F80
2480
2480
3F80
0400
FFE0
0400
0000
ENDCHAR
STARTCHAR 0x375A
ENCODING 36605
SWIDTH 886 0
DWIDTH 12 0
BBX 12 13 0 -2
BITMAP
0000
27E0
F820
2240
F980
AE60
F880
A880
FBE0
2080
F880
27E0
0000
ENDCHAR
STARTCHAR 0x3A5C
ENCODING 36617
SWIDTH 886 0
DWIDTH 12 0
BBX 12 13 0 -2
BITMAP
1100
1140
7D20
1100
FFE0
1080
FEA0
52A0
7E40
5240
FEA0
1320
0000
ENDCHAR
STARTCHAR 0x3531
ENCODING 36637
SWIDTH 886 0
DWIDTH 12 0
BBX 12 13 0 -2
BITMAP
0000
2FE0
2920
AFE0
A520
27E0
FD20
5520
57E0
5100
9FE0
8100
0000
ENDCHAR
STARTCHAR 0x3C2D
ENCODING 36766
SWIDTH 886 0
DWIDTH 12 0
BBX 12 13 0 -2
BITMAP
0080
1880
E7E0
2240
2240
FFE0
2080
2080
FFE0
8880
8880
F880
0000
ENDCHAR
STARTCHAR 0x4A55
ENCODING 36794
SWIDTH 886 0
DWIDTH 12 0
BBX 12 13 0 -2
BITMAP
0000
0FE0
4120
2120
0120
0220
E220
2420
24C0
2000
5000
8FE0
0000
ENDCHAR
STARTCHAR 0x397E
ENCODING 36796
SWIDTH 886 0
DWIDTH 12 0
BBX 12 13 0 -2
BITMAP
0000
0F00
4100
2100
0100
0280
E280
2440
2820
2000
5000
8FE0
0000
ENDCHAR
STARTCHAR 0x3661
ENCODING 36817
SWIDTH 886 0
DWIDTH 12 0
BBX 12 13 0 -2
BITMAP
0000
00C0
4700
2400
0400
07E0
E480
2880
2880
2080
5000
8FE0
0000
ENDCHAR
STARTCHAR 0x4A56
ENCODING 36820
SWIDTH 886 0
DWIDTH 12 0
BBX 12 13 0 -2
BITMAP
0000
07E0
4400
27C0
0440
0540
E940
2880
2140
2620
5000
8FE0
0000
ENDCHAR
STARTCHAR 0x3D52
ENCODING 36848
SWIDTH 886 0
DWIDTH 12 0
BBX 12 13 0 -2
BITMAP
0100
0140
4120
2FC0
0100
0100
E540
2920
2100
2300
5000
8FE0
0000
ENDCHAR
STARTCHAR 0x4C42
ENCODING 36855
SWIDTH 886 0
DWIDTH 12 0
BBX 12 13 0 -2
BITMAP
0100
0100
4920
2540
0100
0FE0
E300
2540
2920
2100
5000
8FE0
0000
ENDCHAR
STARTCHAR 0x4449
ENCODING 36861
SWIDTH 886 0
DWIDTH 12 0
BBX 12 13 0 -2
BITMAP
0100
0200
47C0
2440
07C0
0400
E7C0
2440
2440
27C0
5000
8FE0
0000
ENDCHAR
STARTCHAR 0x4260
ENCODING 36864
SWIDTH 886 0
DWIDTH 12 0
BBX 12 13 0 -2
BITMAP
0000
07C0
4440
27C0
0440
07C0
E520
24A0
2440
2720
5000
8FE0
0000
ENDCHAR
STARTCHAR 0x4629
ENCODING 36879
SWIDTH 886 0
DWIDTH 12 0
BBX 12 13 0 -2
BITMAP
0000
0FE0
8100
5FE0
0540
0920
EF80
22E0
2220
24C0
5000
8FE0
0000
ENDCHAR
STARTCHAR 0x4553
ENCODING 36884
SWIDTH 886 0
DWIDTH 12 0
BBX 12 13 0 -2
BITMAP
0000
0380
4440
2820
07C0
0100
EFE0
2100
2340
2520
5000
8FE0
0000
ENDCHAR
STARTCHAR 0x444C
ENCODING 36890
SWIDTH 886 0
DWIDTH 12 0
BBX 12 13 0 -2
BITMAP
0000
0FC0
4080
2FE0
0920
0FE0
E920
2FE0
2920
2960
5000
8FE0
0000
ENDCHAR
STARTCHAR 0x4F22
ENCODING 36899
SWIDTH 886 0
DWIDTH 12 0
BBX 12 13 0 -2
BITMAP
0100
0100
4FE0
2100
0FE0
0920
EFE0
2920
2FE0
2100
5000
8FE0
0000
ENDCHAR
STARTCHAR 0x3D35
ENCODING 36913
SWIDTH 886 0
DWIDTH 12 0
BBX 12 13 0 -2
BITMAP
0000
0FE0
4920
2BA0
0920
0FE0
E820
2BA0
2AA0
23A0
5000
8FE0
0000
ENDCHAR
STARTCHAR 0x3F4A
ENCODING 36914
SWIDTH 886 0
DWIDTH 12 0
BBX 12 13 0 -2
BITMAP
0480
0480
87E0
4C80
17E0
0480
E7E0
2480
2480
27E0
5000
8FE0
0000
ENDCHAR
STARTCHAR 0x313F
ENCODING 36939
SWIDTH 886 0
DWIDTH 12 0
BBX 12 13 0 -2
BITMAP
0000
1FE0
9120
4FE0
0920
0FE0
E920
2FE0
2100
2FE0
5100
8FE0
0000
ENDCHAR
STARTCHAR 0x463B
ENCODING 36947
SWIDTH 886 0
DWIDTH 12 0
BBX 12 13 0 -2
BITMAP
0440
0480
9FE0
4100
07C0
0440
E7C0
2440
2440
27C0
5000
8FE0
0000
ENDCHAR
STARTCHAR 0x3063
ENCODING 36949
SWIDTH 886 0
DWIDTH 12 0
BBX 12 13 0 -2
BITMAP
0100
0100
4FE0
2120
0FE0
0440
E7E0
2480
2FE0
2080
5000
8FE0
0000
ENDCHAR
STARTCHAR 0x3173
ENCODING 36960
SWIDTH 886 0
DWIDTH 12 0
BBX 12 13 0 -2
BITMAP
0100
0100
8FE0
4100
1FE0
0440
E7C0
2120
2540
2920
5000
8FE0
0000
ENDCHAR
STARTCHAR 0x452C
ENCODING 36969
SWIDTH 886 0
DWIDTH 12 0
BBX 12 13 0 -2
BITMAP
0100
0100
9FE0
4480
0480
0FE0
E920
2FE0
2AA0
2BA0
5000
8FE0
0000
ENDCHAR
STARTCHAR 0x3C57
ENCODING 36974
SWIDTH 886 0
DWIDTH 12 0
BBX 12 13 0 -2
BITMAP
0100
0100
9FE0
5240
1FE0
1240
F3C0
2000
2AA0
2AA0
5000
8FE0
0000
ENDCHAR
STARTCHAR 0x4974
ENCODING 37096
SWIDTH 886 0
DWIDTH 12 0
BBX 12 13 0 -2
BITMAP
2000
21E0
FD20
4920
4940
FD80
0140
0120
FD20
8520
85C0
FD00
0000
ENDCHAR
STARTCHAR 0x475B
ENCODING 37197
SWIDTH 886 0
DWIDTH 12 0
BBX 12 13 0 -2
BITMAP
0000
FBE0
2020
2020
F820
ABE0
AA00
DA00
8A00
FA20
8A20
FBE0
0000
ENDCHAR
STARTCHAR 0x3D45
ENCODING 37325
SWIDTH 886 0
DWIDTH 12 0
BBX 12 13 0 -2
BITMAP
0000
7FC0
0400
FFE0
2480
3F80
2480
3F80
0400
3FC0
0400
FFE0
0000
ENDCHAR
STARTCHAR 0x4E4C
ENCODING 37327
SWIDTH 886 0
DWIDTH 12 0
BBX 12 13 0 -2
BITMAP
0000
3F80
2080
3F80
2080
FFE0
2480
3F80
2480
7FC0
0400
FFE0
0000
ENDCHAR
STARTCHAR 0x3662
ENCODING 37329
SWIDTH 886 0
DWIDTH 12 0
BBX 12 13 0 -2
BITMAP
0000
0E00
1100
2080
5F40
8420
0400
7FC0
0400
4440
2480
FFE0
0000
ENDCHAR
STARTCHAR 0x4F3F
ENCODING 37682
SWIDTH 886 0
DWIDTH 12 0
BBX 12 13 0 -2
BITMAP
0000
37C0
4040
87C0
F040
2FE0
F120
2D40
A580
A940
3120
E700
0000
ENDCHAR
STARTCHAR 0x3640
ENCODING 37857
SWIDTH 886 0
DWIDTH 12 0
BBX 12 13 0 -2
BITMAP
0100
3100
4FE0
8240
F240
27E0
FC40
27C0
B440
A7C0
2280
FCE0
0000
ENDCHAR
STARTCHAR 0x4439
ENCODING 38263
SWIDTH 886 0
DWIDTH 12 0
BBX 12 13 0 -2
BITMAP
0000
3FC0
2000
3FC0
2000
3FC0
2000
FFE0
2440
2240
2180
7C60
0000
ENDCHAR
STARTCHAR 0x4C67
ENCODING 38272
SWIDTH 886 0
DWIDTH 12 0
BBX 12 13 0 -2
BITMAP
0000
FBE0
8A20
FBE0
8A20
FBE0
8020
8020
8020
8020
8020
8060
0000
ENDCHAR
STARTCHAR 0x4A44
ENCODING 38281
SWIDTH 886 0
DWIDTH 12 0
BBX 12 13 0 -2
BITMAP
0000
FBE0
8A20
FBE0
8A20
FBE0
8220
BFA0
8620
8A20
B220
8660
0000
ENDCHAR
STARTCHAR 0x332B
ENCODING 38283
SWIDTH 886 0
DWIDTH 12 0
BBX 12 13 0 -2
BITMAP
0000
FBE0
8A20
FBE0
8A20
FBE0
8020
BFA0
8A20
BFA0
8A20
9260
0000
ENDCHAR
STARTCHAR 0x3456
ENCODING 38291
SWIDTH 886 0
DWIDTH 12 0
BBX 12 13 0 -2
BITMAP
0000
FBE0
8A20
FBE0
8A20
FBE0
8020
9F20
9120
9F20
9120
9F60
0000
ENDCHAR
STARTCHAR 0x462E
ENCODING 38360
SWIDTH 886 0
DWIDTH 12 0
BBX 12 13 0 -2
BITMAP
0000
FBE0
8A20
FBE0
8A20
FBE0
8020
BCA0
A7A0
BCA0
92A0
BDA0
0000
ENDCHAR
STARTCHAR 0x4B49
ENCODING 38450
SWIDTH 886 0
DWIDTH 12 0
BBX 12 13 0 -2
BITMAP
0100
E100
BFE0
A200
C200
A3E0
A420
A420
A820
C820
8040
8180
0000
ENDCHAR
STARTCHAR 0x3842
ENCODING 38480
SWIDTH 886 0
DWIDTH 12 0
BBX 12 13 0 -2
BITMAP
0000
F7E0
9420
A7E0
C420
A420
97E0
9500
9520
E4A0
8440
8720
0000
ENDCHAR
STARTCHAR 0x3D7C
ENCODING 38500
SWIDTH 886 0
DWIDTH 12 0
BBX 12 13 0 -2
BITMAP
0000
E780
A840
B020
CFE0
A100
A100
BFE0
A100
C940
9120
8300
0000
ENDCHAR
STARTCHAR 0x3122
ENCODING 38512
SWIDTH 886 0
DWIDTH 12 0
BBX 12 13 0 -2
BITMAP
0000
E380
A440
A820
D7C0
A000
A7C0
A080
AFE0
C400
8820
8FE0
0000
ENDCHAR
STARTCHAR 0x3831
ENCODING 38522
SWIDTH 886 0
DWIDTH 12 0
BBX 12 13 0 -2
BITMAP
0000
E780
A840
BFE0
C100
AFE0
A920
A920
AFE0
C100
8680
9860
0000
ENDCHAR
STARTCHAR 0x3123
ENCODING 38560
SWIDTH 886 0
DWIDTH 12 0
BBX 12 13 0 -2
BITMAP
0000
EFE0
A520
A540
CFE0
A020
AFE0
A020
AFE0
C500
9440
A3A0
0000
ENDCHAR
STARTCHAR 0x4D3A
ENCODING 38596
SWIDTH 886 0
DWIDTH 12 0
BBX 12 13 0 -2
BITMAP
0200
2240
2240
FFE0
2480
2FE0
4480
5480
57E0
9480
A480
3FE0
0000
ENDCHAR
STARTCHAR 0x3D38
ENCODING 38598
SWIDTH 886 0
DWIDTH 12 0
BBX 12 13 0 -2
BITMAP
1200
1200
3FC0
6400
BF80
2400
3F80
0400
FFE0
0D00
3480
C460
0000
ENDCHAR
STARTCHAR 0x4E25
ENCODING 38626
SWIDTH 886 0
DWIDTH 12 0
BBX 12 13 0 -2
BITMAP
1100
1140
FD40
2BE0
9240
ABE0
FE40
1240
FFE0
A240
BA40
87E0
0000
ENDCHAR
STARTCHAR 0x4671
ENCODING 38627
SWIDTH 886 0
DWIDTH 12 0
BBX 12 13 0 -2
BITMAP
0100
5140
FD40
53E0
FA40
AFE0
FA40
2240
FBE0
2240
5240
8BE0
0000
ENDCHAR
STARTCHAR 0x4545
ENCODING 38651
SWIDTH 886 0
DWIDTH 12 0
BBX 12 13 0 -2
BITMAP
0000
7FC0
0400
FFE0
9520
7FC0
4440
7FC0
4440
7FC0
0420
07E0
0000
ENDCHAR
STARTCHAR 0x4044
ENCODING 38738
SWIDTH 886 0
DWIDTH 12 0
BBX 12 13 0 -2
BITMAP
0400
0400
FFE0
0400
3F80
0400
FFE0
2080
3F80
2080
3F80
2080
0000
ENDCHAR
STARTCHAR 0x4045
ENCODING 38745
SWIDTH 886 0
DWIDTH 12 0
BBX 12 13 0 -2
BITMAP
2000
23C0
FC40
2080
FBE0
20A0
FFE0
88A0
FBE0
8880
F880
8980
0000
ENDCHAR
STARTCHAR 0x4C4C
ENCODING 38754
SWIDTH 886 0
DWIDTH 12 0
BBX 12 13 0 -2
BITMAP
0000
FFE0
0400
0800
FFE0
9120
9F20
9120
9F20
9120
9120
FFE0
0000
ENDCHAR
STARTCHAR 0x3373
ENCODING 38788
SWIDTH 886 0
DWIDTH 12 0
BBX 12 13 0 -2
BITMAP
0200
5200
FBE0
5420
77A0
24A0
F8A0
ABA0
FA60
2200
FA20
23E0
0000
ENDCHAR
STARTCHAR 0x323B
ENCODING 38899
SWIDTH 886 0
DWIDTH 12 0
BBX 12 13 0 -2
BITMAP
0400
0400
7FC0
1100
1100
FFE0
0000
3F80
2080
3F80
2080
3F80
0000
ENDCHAR
STARTCHAR 0x443A
ENCODING 38914
SWIDTH 886 0
DWIDTH 12 0
BBX 12 13 0 -2
BITMAP
0000
0FE0
F100
4FE0
4820
4FE0
4820
4FE0
4820
4FE0
C440
1820
0000
ENDCHAR
STARTCHAR 0x3A22
ENCODING 38915
SWIDTH 886 0
DWIDTH 12 0
BBX 12 13 0 -2
BITMAP
0000
0FE0
8100
87E0
F420
87E0
8420
87E0
9420
77E0
0240
0C20
0000
ENDCHAR
STARTCHAR 0x3960
ENCODING 38917
SWIDTH 886 0
DWIDTH 12 0
BBX 12 13 0 -2
BITMAP
0000
1FE0
E100
4FE0
4820
4FE0
4820
4FE0
4820
EFE0
0440
1820
0000
ENDCHAR
STARTCHAR 0x3D67
ENCODING 38918
SWIDTH 886 0
DWIDTH 12 0
BBX 12 13 0 -2
BITMAP
0000
47E0
5100
57E0
5420
57E0
5420
57E0
5420
57E0
8240
8C20
0000
ENDCHAR
STARTCHAR 0x4D42
ENCODING 38928
SWIDTH 886 0
DWIDTH 12 0
BBX 12 13 0 -2
BITMAP
0000
F7E0
1100
A7E0
4420
F7E0
5420
57E0
6420
47E0
4240
CC20
0000
ENDCHAR
STARTCHAR 0x4E4E
ENCODING 38936
SWIDTH 886 0
DWIDTH 12 0
BBX 12 13 0 -2
BITMAP
0000
67E0
9100
07E0
F420
07E0
F420
57E0
5420
67E0
4240
4C20
0000
ENDCHAR
STARTCHAR 0x4951
ENCODING 38971
SWIDTH 886 0
DWIDTH 12 0
BBX 12 13 0 -2
BITMAP
2000
27E0
B880
A3E0
FA20
23E0
AA20
A7E0
6220
0BE0
3140
C620
0000
ENDCHAR
STARTCHAR 0x4D6A
ENCODING 38972
SWIDTH 886 0
DWIDTH 12 0
BBX 12 13 0 -2
BITMAP
2000
27E0
F880
23E0
FA20
ABE0
AA20
FBE0
2220
73E0
A940
2620
0000
ENDCHAR
STARTCHAR 0x335B
ENCODING 38989
SWIDTH 886 0
DWIDTH 12 0
BBX 12 13 0 -2
BITMAP
1000
13E0
FC80
ABE0
AA20
53E0
2A20
47E0
FA20
4BE0
4A40
7C20
0000
ENDCHAR
STARTCHAR 0x346A
ENCODING 39000
SWIDTH 886 0
DWIDTH 12 0
BBX 12 13 0 -2
BITMAP
0000
FBE0
9080
FBE0
8A20
FBE0
8A20
FBE0
9220
5BE0
9140
3620
0000
ENDCHAR
STARTCHAR 0x4E60
ENCODING 39006
SWIDTH 886 0
DWIDTH 12 0
BBX 12 13 0 -2
BITMAP
0000
B7E0
2080
FFE0
2420
77E0
AC20
27E0
FC20
27E0
5240
8C20
0000
ENDCHAR
STARTCHAR 0x417B
ENCODING 39442
SWIDTH 886 0
DWIDTH 12 0
BBX 12 13 0 -2
BITMAP
0000
FBE0
A020
F940
A180
F660
A080
FBE0
0AA0
ABC0
08A0
37E0
0000
ENDCHAR
STARTCHAR 0x3833
ENCODING 39443
SWIDTH 886 0
DWIDTH 12 0
BBX 12 13 0 -2
BITMAP
0000
F3C0
A420
FFE0
A100
F7E0
A520
F520
17E0
D100
1280
6C60
0000
ENDCHAR
STARTCHAR 0x4831
ENCODING 39658
SWIDTH 886 0
DWIDTH 12 0
BBX 12 13 0 -2
BITMAP
0000
7C60
4180
7C60
4180
FE60
4980
4400
FFE0
2880
C780
3860
0000
ENDCHAR
STARTCHAR 0x4B62
ENCODING 39764
SWIDTH 886 0
DWIDTH 12 0
BBX 12 13 0 -2
BITMAP
0200
0200
7FE0
4880
7DE0
5AC0
6AA0
5FC0
5240
9FC0
8520
39E0
0000
ENDCHAR
STARTCHAR 0x4C44
ENCODING 40180
SWIDTH 886 0
DWIDTH 12 0
BBX 12 13 0 -2
BITMAP
0100
0200
EFC0
A840
AFC0
A840
AFE0
A800
AFE0
E020
1520
1560
0000
ENDCHAR
STARTCHAR 0x3975
ENCODING 40658
SWIDTH 886 0
DWIDTH 12 0
BBX 12 13 0 -2
BITMAP
0000
7FC0
4440
7FC0
4440
4440
7FC0
0400
FFE0
0000
5240
8920
0000
ENDCHAR
STARTCHAR 0x4E70
ENCODING 40802
SWIDTH 886 0
DWIDTH 12 0
BBX 12 13 0 -2
BITMAP
2000
21C0
BA20
A400
FBE0
5000
A800
FBE0
A920
D920
8960
F900
0000
ENDCHAR
STARTCHAR 0x212A
ENCODING 65281
SWIDTH 886 0
DWIDTH 12 0
BBX 12 13 0 -2
BITMAP
0000
0400
0400
0400
0400
0400
0400
0400
0000
0000
0400
0000
0000
ENDCHAR
STARTCHAR 0x214A
ENCODING 65288
SWIDTH 886 0
DWIDTH 12 0
BBX 12 13 0 -2
BITMAP
0040
0080
0100
0100
0200
0200
0200
0200
0200
0100
0100
0080
0040
ENDCHAR
STARTCHAR 0x214B
ENCODING 65289
SWIDTH 886 0
DWIDTH 12 0
BBX 12 13 0 -2
BITMAP
4000
2000
1000
1000
0800
0800
0800
0800
0800
1000
1000
2000
4000
ENDCHAR
STARTCHAR 0x2127
ENCODING 65306
SWIDTH 886 0
DWIDTH 12 0
BBX 12 13 0 -2
BITMAP
0000
0000
0000
0000
0C00
0C00
0000
0000
0C00
0C00
0000
0000
0000
ENDCHAR
STARTCHAR 0x2129
ENCODING 65311
SWIDTH 886 0
DWIDTH 12 0
BBX 12 13 0 -2
BITMAP
0000
0E00
1100
2080
0080
0100
0200
0400
0400
0000
0400
0000
0000
ENDCHAR
ENDFONT
